name	harmonized_name
12343096 CANADA INC.	12343096 Canada inc.
3-DIMENSIONAL PHARMACEUTICALS, INC.	Johnson and Johnson
3M INNOVATIVE PROPERTIES CO	3M
4 SC AG	4SC
4SC AG	4SC
4SC DISCOVERY GMBH	4SC
7TM PHARMA AS	7TM Pharma
ABALOS THERAPEUTICS GMBH	Abalos Therapeutics
ABBOTT GMBH & CO KG	Abbot
ABBOTT HEALTHCARE PRODUCTS BV	Abbot
ABBOTT LAB	Abbot
ABBOTT LABORATORIES	Abbot
ABBOTT MOLECULAR INC	Abbot
ABBVIE B.V.	AbbVie
ABBVIE BAHAMAS LTD	AbbVie
ABBVIE DEUTSCHLAND	AbbVie
ABBVIE INC	AbbVie
ABBVIE INC.	AbbVie
ACADEMIA SINICA	China Central Research Academy
ACADEMIA SINICA TAIWAN	China Central Research Academy
ACADIA PHARM INC	Acadia Pharmaceuticals Inc.
ACCUTAR BIOTECHNOLOGY INC	Accutar Biotechnology Inc.
ACLARIS THERAPEUTICS INC	Aclaris Therapeutics
ACLIPSE ONE INC	Aclipse Therapeutics
ACORDA THERAPEUTICS INC	Acorda Therapeutics
ACRAF	Angelini Holding S.p.A.
ACTAR AB	Actar
ACTIVE BIOTECH AB	Active Biotech
ACTIVE PASS PHARMACEUTICALS IN	Active Pass Pharmaceuticals Inc.
ADAGENE INC	Adagene
ADAGIO THERAPEUTICS, INC.	Adagio Therapeutics
ADAMED SP ZOO	Adamed
ADDEX PHARMA SA	Addex Therapeutics
ADDEX PHARMACEUTICALS SA	Addex Therapeutics
ADEKA CORP	Adeka
ADIR	Adir
ADISSEO FRANCE SAS	Adisseo
ADVANCED MEDICINE INC	Advanced medicine Inc.
ADVANCED RES & TECH INST	Institute of Advanced Technology and Research and Development
AERIE PHARMACEUTICALS INC	Aerie Pharmaceuticals
AERPIO PHARMACEUTICALS INC	Aerpio Pharmaceuticals
AERPIO THERAPEUTICS INC	Aerpio Pharmaceuticals
AESTUS THERAPEUTICS INC	Aestus Therapeutics
AETAS PHARMA CO LTD	AETAS Pharma
AETERMA ZENTARIS GMBH	Aeterna Zentaris
AETERNA ZENTARIS GMBH	Aeterna Zentaris
AFRAXIS HOLDINGS INC	Afraxis
AFRAXIS INC	Afraxis
AGENCY SCIENCE TECH & RES	A*STAR
AGIOS PHARMACEUTICALS INC	Agios Pharmaceuticals
AGRONOMIQUE INST NAT RECH	INRAE
AHN GOOK PHARMACEUTICAL CO LTD	Ahn-Gook Pharmaceutical
AHR PHARMACEUTICALS INC	AhR Pharmaceuticals Inc.
AHTEROGENICS INC	AtheroGenics
AILERON THERAPEUTICS INC	Aileron Therapeutics
AJINOMOTO CO., INC.	Ajinomoto
AJINOMOTO KK	Ajinomoto
AKAAL PHARMA PTY LTD	Akaal Pharma
AKERMIN INC	Akermin
AKRON MOLECULES GMBH	Akron Molecules AG
AKZO NOBEL NV	AkzoNobel
ALBANY MOLECULAR RES INC	Curia
ALBERTA HEALTH SERVICES	Alberta Health Services
ALCON INC	Alcon
ALECTOS THERAPEUTICS INC	Alectos Therapeutics
ALEMBIC PHARMACEUTICALS LTD	Alembic Pharmaceuticals Ltd.
ALGOS PHARM CORP	Algos Pharmaceutical Corporation
ALIGOS THERAPEUTICS INC	Aligos Therapeutics
ALIGOS THERAPEUTICS, INC.	Aligos Therapeutics
ALIVEGEN USA INC	AliveGen USA, Inc.
ALKAHEST INC	Alkahest
ALKERMES INC	Alkermes plc
ALKERMES PHARMA IRELAND LTD	Alkermes plc
ALLA CHEM LLC	AllaChem
ALLAHABAD, UNIVERSITY OF	University of Allahabad
ALLEGHENY UNIVERSITY OF THE HE	Allegheny College
ALLIED SIGNAL INC	Honeywell
ALLTECH INC	Alltech
ALMAC SCIENCES LTD	Almac
ALMIRALL LAB	Almirall
ALMIRALL PRODESFARMA S.A.	Almirall
ALMIRALL PRODESFARMA SA	Almirall
ALMIRALL PRODESFARMA, S.A.	Almirall
ALMIRALL SA	Almirall
ALNYLAM PHARMACEUTICALS INC	Alnylam Pharmaceuticals Inc.
ALTERITY THERAPEUTICS LTD	Alterity Therapeutics
ALTIRIS THERAPEUTICS	Altiris Therapeutics
AMAKEM NV	Amakem
AMBIT BIOSCIENCES CORP	Ambit Biosciences
AMBRX INC	Ambrx
AMERICAN CYANAMID CO	American Cyanamid
AMERICAN HOME PROD	American Home Products
AMERICAN WRECKING CORP OF NEW	American Wrecking Corporation of New Jersey
AMGEN FREMONT INC	Amgen Inc.
AMGEN INC	Amgen Inc.
AMGEN SF LLC	Amgen Inc.
AMICUS THERAPEUTICS INC	Amicus Therapeutics
AMNEAL PHARMACEUTICALS COMPANY GMBH	Amneal Pharmaceuticals, Inc.
AMOREPACIFIC CORP	Amorepacific
AMPHORA DISCOVERY CORP	Amphora Discovery Corporation
AMR TECHNOLOGY INC	AMR Technologies Inc.
ANAVEX LIFE SCIENCES CORP	Anavex Life Sciences
ANGIEX INC	Angiex
ANGIOTECH INT AG	Angiotech International AG
ANIKA THERAPEUTICS INC	Anika
ANIONA APS	Saniona
ANTHEIA INC	Antheia
ANTIBE THERAPEUTICS INC	Antibe Therapeutics
APOGEE BIOTECHNOLOGY CORP	Apogee Biotechnology Corp.
APPLERA CORP	Applera Corporation
APPLIED BIOLOGY INC	Applied Biology
APPLIED RESEARCH SYSTEMS	Applied Research Solutions
APREA AB	Aprea Therapeutics
APTEEUS	APTEEUS
AQDOT LTD	Aqdot
AQUA GEN AS	AquaGen
ARAIM PHARMACEUTICALS INC	Araim Pharmaceuticals
ARAXES PHARMA LLC	Araxes Pharma
ARBUTUS BIOPHARMA CORP	Arbutus Biopharma Corporation
ARCTIC PHARMA AS	Arctic Pharma AS
ARCUS BIOSCIENCES INC	Arcus Biosciences
ARDELYX INC	Ardelyx
ARIAD PHARMA INC	ARIAD Pharmaceuticals, Inc.
ARIMINO CO LTD	Arimino
ARIZON BOARD OF REGENTS ON BEHALF OF ARIZONA STATE UNIVERSITY	Arizona State University
ARIZONA BOARD OF REGENTS A BODY CORP OF THE STATE OF ARIZONA ACTING FOR AND ON BEHALF OF ARIZONA STA	Arizona State University
ARKEMA INC	Arkema
ARMETHEON INC	Armetheon
ARMGO PHARMA INC	ARMGO Pharma
ARMY, UNITED STATES	United States Army
ARNO THERAPEUTICS	Arno Therapeutics
AROG PHARMACEUTICALS INC	Arog Pharmaceuticals
ARONORA INC	Aronora
ARRIEN PHARMACEUTICALS LLC	Arrien Pharmaceuticals
ARVINAS INC	Arvinas
ARVINAS OPERATIONS INC	Arvinas
ARXY THERAPEUTICS	ARYx Therapeutics
ARYX THERAPEUTICS	ARYx Therapeutics
ARYX THERAPEUTICS INC	ARYx Therapeutics
ARYX THERAPEUTICS, INC.	ARYx Therapeutics
ASAHI KASEI PHARMA CORP	Asahi Kasei
ASANA BIOSCIENCES LLC	Asana BioSciences
ASCENDIS PHARMA AS	Ascendis Pharma
ASKA PHARM CO LTD	ASKA Pharmaceutical Co. Ltd.
ASLAN PHARMACEUTICALS PTE LTD	ASLAN Pharma
ASSEMBLY BIOSCIENCES INC	Assembly Bio
ASTAR BIOTECH LLC	Astar Biotech
ASTELLAS PHARMA INC	Astellas Pharma
ASTELLAS PHARMA INC.	Astellas Pharma
ASTEX TECHNOLOGY LTD	Astex Pharmaceuticals
ASTEX THERAPEUTICS LTD	Astex Pharmaceuticals
ASTRA AB	AstraZeneca
ASTRA PHARMA PROD	Astra Pharmaceuticals Ltd
ASTRAZENACA AB	AstraZeneca
ASTRAZENECA AB	AstraZeneca
ASTRAZENECA AB A SWEDEN CORP	AstraZeneca
ASTRAZENECA AB PUBL	AstraZeneca
ASTRAZENECA AND NPS PHARMACEUT	AstraZeneca
ASTRAZENECA UK LTD	AstraZeneca
ATHEROGENICS INC	AtheroGenics
ATHEROGENICS PHARMACEUTICALS I	AtheroGenics
ATHERSYS INC	Athersys
ATHYRIUM OPPORTUNITIES III CO-INVEST 1 LP	Athyrium Opportunites III
ATILIM UNIV	Atilim University
ATOFINA	Arkema
AUCKLAND UNISERVICES LTD	Auckland UniServices Limited
AURIN BIOTECH INC	Aurin Biotech Inc.
AVANIR PHARMACEUTICALS	Avanir Pharmaceuticals
AVANIR PHARMACEUTICALS, INC.	Avanir Pharmaceuticals
AVELAS BIOSCIENCES INC	Avelas Biosciences
AVELAS BIOSCIENCES NC	Avelas Biosciences
AVENTIS PHARMA GMBH	Sanofi
AVENTIS PHARMA INC	Sanofi
AVENTIS PHARMA SA	Sanofi
AVEO PHARMACEUTICALS INC	AVEO Oncology
AVEXXIN AS	Coegin Pharma
AXIM BIOTECHNOLOGIES INC	AXIM Biotechnologies
AXON BIOCHEMICALS BV	Axon Biochemicals
AYALA PHARMACEUTICALS INC	Ayala
AZDT HOLDINGS LLC	AZDT HOLDINGS
Acturum Life Science AB	Acturum
Amplia Therapeutics Ltd	Amplia Therapeutics
B S R C ALEXANDER FLEMING	Alexander Fleming Biomedical Sciences Research Center
BALL STATE UNIVERSITY	Ball State University
BALTIC BIO AB	Betagenon
BANYU PHARMA CO LTD	MSD
BAR PHARMACEUTICALS S R L	Barr Pharmaceuticals
BARD INC C R	Bard
BARUCH S BLUMBERG INST	Baruch S. Blumberg Institute
BARUCH S BLUMBERG INSTITUTE	Baruch S. Blumberg Institute
BASF AG	BASF
BASF AKTIENGESELLSCHAFT	BASF
BASF BEAUTY CARE SOLUTIONS FRANCE SAS	BASF
BASF SE	BASF
BATTELLE MEMORIAL INSTITUTE	Battelle
BAUSCH HEALTH IRELAND LTD	Bausch Health
BAXTER HEALTHCARE SA	Baxter
BAYER AG	Bayer
BAYER CROPSCIENCE AG	Bayer
BAYER HEALTHCARE AG	Bayer
BAYER HEALTHCARE LLC	Bayer
BAYER INTELLECTUAL PROPERTY GMBH	Bayer
BAYER IP GMBH	Bayer
BAYER PHARMACEUTICALS CORP	Bayer
BAYER PHARMACEUTICALS CORPORATION	Bayer
BAYER SCHERING PHARMA AG	Bayer
BAYER SCHERING PHARMA AKTIENGESELLSCHAFT	Bayer
BAYLOR COLLEGE MEDICINE	Baylor College of Medicine
BECKLEY PSYTECH LTD	Beckley Psytech
BEIERSDORF AG	Beiersdorf
BEIJING KONRUNS PHARMACEUTICAL CO LTD	Beijing Konruns Pharma
BEIJING MEIBEITA DRUG RES CO LTD	Beijing Meibeita Pharmaceutical
BEIJING SCITECH MQ PHARMACEUTICALS LTD	Scitech
BENEVOLENTAI BIO LTD	BenevolentAI
BERG LLC	Berg Health
BERGEN TEKNOLOGIOVERFOERING AS	Berg Health
BERGEN TEKNOLOGIOVERFOERING ASA	Berg Health
BERGEN TEKNOLOGIOVERFORING AS	Berg Health
BERGENBIO AS	BerGenBio
BERGENBIO ASA	BerGenBio
BETA PHARMA CANADA INC	Beta Pharam
BETA PHARMA INC	Beta Pharam
BETA PHARMA, INC.	Beta Pharam
BETA PHARMACEUTICALS CO LTD	Beta Pharam
BETAGENON AB	Betagenon
BETTA PHARMACEUTICALS CO LTD	Betta Pharmaceuticals
BHL PATENT HOLDINGS LLC	Bedding Holdings
BIOAXONE THERAPEUTIQUE INC	BioAxone
BIOCRYST PHARM INC	BioCryst
BIOENERGENIX LLC	BioEnergenix
BIOGEN IDEC INC	Biogen
BIOGEN MA INC	Biogen
BIOGENT IDEC INC	Biogen
BIOHAVEN THERAPEUTICS LTD	Biohaven Pharmaceuticals
BIOINTERVENE, INC.	Biointervene
BIOMARIN IGA LTD	BioMarin
BIOMARIN PHARM INC	BioMarin
BIOMED VALLEY DISCOVERIES INC	BioMed Valley
BIOMEDICAL RES FOUND OF THE ACAD OF ATHENS	Biomedical Research Foundation (BRFAA) of the Academy of Athens
BIOMEDICAL RES FOUNDATION OF THE ACADEMY OF ATHENS	Biomedical Research Foundation (BRFAA) of the Academy of Athens
BIOMERIEUX SA	bioMerieux
BIONOR IMMUNO AS	Bionor
BIONORICA AG	Bionorica
BIONORICA ETHICS GMBH	Bionorica
BIOPHILE CORPORATION, LTD.	Biophile
BIOSTRATUM INC	BioStratum
BIOSYNTH AG	Biosynth Carbosynth
BIOTAGE AB	Biotage
BIOTHERYX INC	Biotheryx
BIOVISTA INC	Biovista
BIOVITRUM AB	Swedish Orphan Biovitrum
BIOVITRUM AB (PUBL)	Swedish Orphan Biovitrum
BIOVITRUM AB PUBL	Swedish Orphan Biovitrum
BKG PHARMA APS	BKG HOLDING ApS
BLOSSOM INNOVATIONS LLC	Blossom Innovations
BLOSSOMS INNOVATIONS LLC	Blossom Innovations
BLUEPRINT MEDICINES CORP	Blueprint Medicines
BOARD OF REGENTS OF THE UNIVERISTY OF TEXAS SYSTEM	University of Texas System
BOARD OF TRUSTEES OF THE UNIVERSITY OF ILLINOIS THE	University of Illinois
BOARD OF TRUSTEES OF THE UNIVERSITY OF ILLINOIS, THE	University of Illinois
BOEHRINGER INGELHEIM ANIMAL HEALTH USA INC	Boehringer Ingelheim
BOEHRINGER INGELHEIM CHEMICALS	Boehringer Ingelheim
BOEHRINGER INGELHEIM INT	Boehringer Ingelheim
BOEHRINGER INGELHEIM PHARMA	Boehringer Ingelheim
BOEHRINGER INGELHEIM PHARMA KG	Boehringer Ingelheim
BOEHRINGER INGELHEIM PHARMACEUTICALS, INC.	Boehringer Ingelheim
BOERHRINGER INGELHEIM PHARMACEUTICALS INC	Boehringer Ingelheim
BOOTS COMPANY PLC, THE	Boots
BOREALIS AG	Borealis
BRACCO IMAGING SPA	Bracco
BRIDGESTONE CORP	Bridgestone
BRIGHAM & WOMENS HOSPITAL	Brigham and Women's Hospital
BRIGHAM & WOMENS HOSPITAL INC	Brigham and Women's Hospital
BRISTOL MEYERS SQUIBB CO	Bristol Myers Squibb
BRISTOL MYERS SQUIBB	Bristol Myers Squibb
BRISTOL MYERS SQUIBB CO	Bristol Myers Squibb
BRISTOL MYERS SQUIBB PHARMA CO	Bristol Myers Squibb
BRISTOL MYERS SUIBB PHARMA COM	Bristol Myers Squibb
BRISTOL-MYERS SQUIBB COMPANY	Bristol Myers Squibb
BRISTOL-MYERS SQUIBB COMPANY (FORMERLY D/B/A DUPONT PHARMACEUTICALS COMPANY)	Bristol Myers Squibb
BRISTOL-MYERS SQUIBB PHARMA COMPANY	Bristol Myers Squibb
BRITISH BIOTECH PHARM	British Biotech
BRITISH COLUMBIA CANCER AGENCY	BC Cancer
BRITISH COLUMBIA CANCER AGENCY BRANCH	BC Cancer
BROAD INST INC	Broad Institute
BUCK INST FOR RES ON AGING	Buck Institute for Research on Aging
BUNGE OILS INC	Bunge
Bayer Pharma AG	Bayer
C3 BIO GMBH	BIO-C3
C4 THERAPEUTICS INC	C4 Therapeutics
CADILA HEALTHCARE LTD	Cadila Pharmaceuticals
CADILA PHARMACEUTICALS LTD	Cadila Pharmaceuticals
CALIFORNIA INST OF TECHN	California Institute of Technology
CALITOR SCIENCES LLC	Calitor Sciences LLC
CALYX CHEMICALS AND PHARMACEUTICALS PVT LTD	CALYX
CAMBREX CHARLES CITY INC	Cambrex
CAMBRIDGE COGNITION LTD	Cambridge Cognition
CAMBRIDGE ENTPR LTD	Cambridge Enterprise
CAMBRIDGE NEUROSCIENCE INC	Cambridge Neuroscience
CAMBRIDGE NEUROSCIENCES INC	Cambridge Neuroscience
CAMP4 THERAPEUTICS CORP	CAMP4 Therapeutics
CANCER RES CAMPAIGN TECH	Cancer Research Horizons
CANCER RES TECHNOLOGY	Cancer Research Technology
CANCER RES VENTURES LTD	Cancer Research Horizons
CANCER RESEARCH TECH LTD	Cancer Research Horizons
CANCER RESEARCH TECHNOLOGY LIMITED	Cancer Research Technology
CANCER THERAPEUTICS CRC PTY LTD	Canthera Discovery
CANON KABUSHIKI KAISHA	Canon
CANON KK	Canon
CANOPY GROWTH CORP	Canopy Growth Corporation
CAPROTEC BIOANALYTICS GMBH	caprotec bioanalytics GmbH
CARA THERAPEUTICS INC	Cara Therapeutics
CARBION OY	Carbion Oy
CARDURION PHARMACEUTICALS LLC	Cardurion Pharmaceuticals
CARNA BIOSCIENCES INC	Carna Biosciences
CAROLUS THERAPEUTICS INC	Carolus Therapeutics
CASCADE THERAPEUTICS INC	Cascade Biotechnology
CAULI RICE LTD	Fullgreen
CAULI-RICE LTD	Fullgreen
CAYMAN CHEM CO	Cayman Chemical Company
CAYMAN CHEMICAL CO INC	Cayman Chemical Company
CAYMAN CHEMICAL CORP INC	Cayman Chemical Company
CEDARS SINAI MEDICAL CENTER	Cedars-Sinai Medical Center
CELANESE ACETATE LLC	Celanese
CELANESE EVA PERFORMANCE POLYMERS INC	Celanese
CELANESE INT CORP	Celanese
CELGENE AVILOMICS RES INC	Celgene Avilomics Research
CELGENE CAR LLC	Celgene Car LLC
CELL THERAPEUTICS EUROPE SRL	Cell Therapeutics
CELLAROUGE PTY LTD	Cellarouge Pty
CELLIX BIO PRIVATE LTD	Cellix Bio
CELLTECH R&D LIMITED	UCB
CELLULAR GENOMICS INC	Cell Genomics
CELLZOME AG	Cellzome
CELLZOME LTD	Cellzome
CELLZOME UK LTD	Cellzome
CELTAXSYS INC	Celtaxsys
CELULARITY INC	Celularity
CENTRE NAT RECH SCIENT	Scientific center for national research
CENTREXION THERAPEUTICS CORP	Centrexion
CEPHALON FRANCE	Cephalon France
CERO THERAPEUTICS INC	CERo Therapeutics, Inc.
CHAN ZUCKERBERG BIOHUB INC	Chan Zuckerberg Biohub
CHANG CHUN PLASTICS CO LTD	Chang Chun Group
CHANGZHOU RUNNOR BIOLOGICAL TECH CO LTD	Changzhou Runnor Biological Technology Co Ltd
CHDI FOUNDATION INC	CHDI Foundation
CHECKMATE THERAPEUTICS INC	Checkmate Therapeutics
CHEIL IND INC	Cheil Industries
CHEM INC X	X-Chem
CHEMBRIDGE CORP	ChemBridge Corporation
CHEMELECTIVA S R L	Chemelectiva
CHEMIPRO KASEI KAISHA LTD	Chemipro Kasei
CHEMO CENTRYX, INC.	ChemoCentryx
CHEMOCENTRYX	ChemoCentryx
CHEMOCENTRYX INC	ChemoCentryx
CHENGDU ANTICANCER BIOSCIENCE LTD	Anticancer Bioscience
CHENGDU DI AO JIUHONG PHARMACE	Diao Group Chengdu Pharmaceutical
CHENGDU EASTON BIOPHARMACEUTICALS CO LTD	Easton Biopharmaceuticals
CHENGDU JINRUI EVERGREEN BIOTECH CO LTD	Chengdu JinRui Foundation Biotechnology
CHEVRON PHILLIPS CHEMICAL CO	Chevron Phillips Chemical
CHIA TAI TIANQING PHARMACEUTICAL GROUP CO LTD	Chia Tai-Tianqing Pharmaceutical Holdings Co., Ltd
CHIENNA BV	Chienna B.V.
CHILDRENS MEDICAL CENTER	Children's medical center
CHIMERIX INC	Chimerix
CHIROGATE INT INC	Chirogate
CHIRONWELLS GMBH	ChironWells
CHONG KUN DANG PHARM CORP	Chong Kun Dang
CHONGQING FOCHON PHARMACEUTICAL CO LTD	Fochon Pharmaceuticals
CHROMA THERAPEUTICS LTD	Chroma Therapeutics Ltd.
CHROMOCELL CORP	Chromocell Corporation
CHUGAI PHARMACEUTICAL CO LTD	Chugai Pharmaceutical Co.
CHUGAI SEIYAKU KABUSHIKI KAISHA	Chugai Pharmaceutical Co.
CHUNGHWA CHEMICAL SYNTHESIS & BIOTECH CO LTD	Chunghwa Chemical Synthesis & Biotech Co. Ltd.
CIDARA THERAPEUTICS INC	Cidara Therapeutics
CILAG LTD	Cilag
CIPLA LTD	Cipla
CK BIOTECH	CTK Biotech
CK BIOTECH INC	CTK Biotech
CLEAVE BIOSCIENCES INC	Cleave Therapeutics
CLEMSON UNIVERSITY	Clemson University
CLEVELAND CLINIC FOUND	Cleveland Clinic
CLEVELAND CLINIC FOUNDATION	Cleveland Clinic
CLOVIS ONCOLOGY INC	Clovis Oncology
COCRYSTAL PHARMA INC	Cocrystal Pharma
COFERON INC	Coferon
COGNITIVE RES ENTERPRISES INC	Cognitive Research Corporation
COGNOA INC	Cognoa
COGNOPTIX INC	Cognoptix
COLD SPRING HARBOR LAB	Cold Spring Harbor Laboratory
COLGATE PALMOLIVE CO	Colgate-Palmolive
COMMW SCIENT IND RES ORG	Commonwealth Scientific and Industrial Research Organisation
COMPASS PATHFINDER LIMITED	COMPASS Pathways
COMPLEXA INC	Complexa
CONCERT PHARMACEUTICALS INC	Concert Pharma
CONFORMAL MEDICAL INC	Conformal Medical
CONOPCO INC DBA UNILEVER	Unilever
CONTEC THERAPEUTICS INC	Contec
CONTINENTAL REIFEN DEUTSCHLAND GMBH	Continental AG
CONVERGENE LLC	ConverGene
CORAL DRUGS PVT LTD	Coral Drugs
CORNELL UNIV CORNELL CENTER FOR TECHNOLOGY ENTERPRISE & COMMERCIALIZATION CCTEC	Cornell University
CORTECH INC	CorTech
CORTECH, INC.	CorTech
CORTEX PHARMA INC	RespireRx
COUNCIL SCIENT IND RES	Council of Scientific & Industrial Research
COVESTRO DEUTSCHLAND AG	Covestro
CRT PIONEER FUND LP	CRT Pioneer Fund
CRYSTAL PHARMACEUTICAL SUZHOU CO LTD	Crystal Pharmaceutical
CRYSTAX PHARMACEUTICALS S L	Crystax Pharmaceuticals, S.L.
CSPC ZHONGGI PHARMACEUTICAL TE	CSPC Pharmaceutical
CSPC ZHONGQI PHARMACEUTICAL TECH SHIJIAZHUANG CO LTD	CSPC Pharmaceutical
CT MEDYCZNE KSZTALCENIA PODYPLOMOWEGO	Medical Center of Postgraduate Education
CTG PHARMA S R L	CTG Pharma
CTXT PTY LTD	Canthera Discovery
CULLGEN SHANGHAI INC	Cullgen
CURACYTE CHEMISTRY GMBH	Curacyte Chemistry
CUREGENIX CORP	Curegenix
CUREVAC AG	CureVac
CURIS INC	Curis
CURIS, INC.	Curis
CURTANA PHARMACEUTICALS INC	Curtana Pharmaceuticals
CV THERAPEUTICS INC	CV Therapeutics
CV THERAPEUTICS, INC.	CV Therapeutics
CVI PHARMACEUTICALS LTD	CVI
CYCLACEL LIMITED	Cyclacel
CYCLACEL LIMTED	Cyclacel
CYCLACEL LTD	Cyclacel
CYMABAY THERAPEUTICS INC	CymaBay Therapeutics
CYPRESS BIOSCIENCE INC	Cypress Bioscience
CYTODYN INC	CytoDyn
CYTOIMMUNE THERAPEUTICS INC	Cytoimmune Therapeutics
CYTOIMMUNE THERAPEUTICS, INC.	Cytoimmune Therapeutics
CYTOKINETICS INC	Cytokinetics
CYTOVIA INC	Cytovia Therapeutics
CYTYC CORP	Cytyc
DAC SRL	DAC Srl
DAEGU GYEONGBUK MEDICAL INNOVATION FOUND	Daegu-Gyeongbuk Medical Innovation Foundation (KMEDIhub)
DAIAMED INC	Daiamed
DAIICHI PHARMACEUTICAL CO., LTD.	Daiichi Sankyo
DAIICHI SANKYO CO LTD	Daiichi Sankyo
DAIICHI SANKYO COMPANY, LIMITED	Daiichi Sankyo
DAIICHI SANKYO EUROPE GMBH	Daiichi Sankyo
DAIICHI SEIYAKU CO	Daiichi Sankyo
DAINIPPON SUMITOMO PHARMA CO	Sumitomo Chemical
DAINIPPON SUMITOMO PHARMA CO., LTD.	Sumitomo Chemical
DANA FARBER CANCER INST INC	Dana-Farber Cancer Institute
DANA-FARBER CANCER INST INC	Dana-Farber Cancer Institute
DANFOSS POWER SOLUTIONS II TECH A/S	Danfoss Power Solutions
DART NEUROSCIENCE (CAYMAN) LTD	Dart NeuroScience
DART NEUROSCIENCE LLC	Dart NeuroScience
DAVID GLADSTONE INST J	Gladstone Institutes
DAVY PROCESS TECHN LTD	Davy Technologies
DAYA CNS LLC	Daya CNS
DAYA DRUG DISCOVERIES INC	Daya Drug Discoveries
DEBIOPHARM INT SA	Debiopharm
DEBIOPHARM SA	Debiopharm
DEBRECENI EGYETEM	Debreceni Egyetem
DECIPHERA PHARMACEUTICALS INC	Deciphera Pharmaceuticals
DECIPHERA PHARMACEUTICALS LLC	Deciphera Pharmaceuticals
DECODE CHEMISTRY INC	deCode Chemistry and BioStructures
DECODE GENETICS EHF	deCODE genetics
DEL MAR PHARMACEUTICALS	Kintara Therapeutics
DELMAR PHARMACEUTICALS	Kintara Therapeutics
DEMERX INC	DemeRx
DEMETRIX INC	Demetrix
DEN MAT CORP	Den-Mat Holdings
DEN-MAT HOLDINGS, LLC	Den-Mat Holdings
DENALI THERAPEUTICS INC	Denali Therapeutics
DENKA COMPANY LTD	Denka
DENOVO BIOPHARMA LLC	Denovo Biopharma
DEPARTMENT OF SCIENCE AND TECHNOLOGY, TECHNOLOGY BHAVAN	Department of Science and Technology (DST), Ministry Of Science And Technology
DEPT OF SCIENCE AND TECHNOLOGY	Department of Science and Technology (DST), Ministry Of Science And Technology
DESIGN THERAPEUTICS INC	Design Therapeutics
DEUTERX LLC	DeuteRx
DEUTSCHES KREBSFORSCH	German Cancer Research Center (DKFZ)
DEUTSCHES KREBSFORSCHUNGSZENTRUM STIFTUNG DES OEFFENTLICHEN RECHTS	German Cancer Research Center (DKFZ)
DEXCOM INC	Dexcom
DFB BIOTECH INC	DFB Pharmaceuticals
DIAXONHIT	ExonHit Therapeutics SA
DIPHARMA FRANCIS SRL	Dipharma
DIPHARMA S A	Dipharma
DIPHARMA SA	Dipharma
DISCOVERY THERAPEUTICS INC	Discovery Therapeutics
DIZAL JIANGSU PHARMACEUTICAL CO LTD	Dizal Pharma
DOMA BIOPHARMACEUTICAL (SUZHOU) CO., LTD	Doma Biopharmaceutical
DOMAIN THERAPEUTICS	Domain Therapeutics
DOMPE SPA	Dompe
DOMPÉ FARMACEUTICI S P A	Dompe
DONGWHA PHARMACEUTICAL CO LTD	Dongwha Pharm
DOOSAN CORP	Doosan
DORPHAN S A	Dorphan SA
DORSCH DIETER	Dorsh Dieter
DOT THERAPEUTICS 1 INC	Day One Biopharmaceuticals
DOUBLERAINBOW BIOSCIENCES INC	DoubleRainbow Biosciences, Inc.
DOW AGROSCIENCES LLC	Dow AgroSciences
DOW CHEMICAL CO	Dow Chemical Company
DOW GLOBAL TECHNOLOGIES LLC	Dow Global Technologies
DR REDDY'S LABORATORIES LTD	Dr. Reddy's Laboratories
DREI LILIEN PVG GMBH & CO KG	Drei Lilien PVG GmbH & Co. KG
DSM IP ASSETS BV	Royal DSM
DU PONT	DuPont
DUPONT IND BIOSCIENCES USA LLC	DuPont Nutrition & Biosciences
DYNAMIX PHARMACEUTICALS LTD	Dynamix Pharmaceuticals
DYNOGEN PHARMACEUTICALS INC	Dynogen Pharmaceuticals
Dermavant Sciences GmbH	Dermavant Sciences
DoubleHill GmbH	DoubleHill GmbH
Dr Reddys Laboratories Ltd	Dr. Reddy's Laboratories
EASTMAN CHEM CO	Eastman
ECOLAB USA INC	Ecolab
EFFECTOR THERAPEUTICS INC	eFFECTOR Therapeutics
EFFIPHARMA INC	Effipharma
EINSTEIN COLL MED	Albert Einstein College of Medicine
EIP PHARMA LLC	EIP Pharma
EISAI CO LTD	Eisai
EISAI INC	Eisai
EISAI R&D MAN CO LTD	Eisai
ELC MAN LLC	Estee Lauder Companies
ELCELYX THERAPEUTICS INC	Elcelyx Therapeutics
ELEXOPHARM GMBH	ElexoPharm
ELI LILLY AND COMPANY	Lilly
ELIGO BIOSCIENCE	Eligo Bioscience
ELIZANOR BIOPHARMACEUTICALS IN	Elizanor Biopharmaceuticals
EMERITI PHARMA AB	Emeriti Bio
EMMELLEN BIOTECH PHARMACEUTICA	Embio Limited
EMMENNAR PHARMA PRIVATE LTD	Emmennar
EMORY UNIVERSITY	Emory University
ENANTA PHARM INC	Enanta
ENANTIA S L	Enantia
ENDEAVOR PHARMACEUTICALS	Endeavor
ENDORECH INC	Endotech
ENDOWMENT FOR RES IN HUMAN BIO	Endowment For Research In Human Biology Inc
ENI SPA	Eni
ENTERIN INC	Enterin
ENTRADA THERAPEUTICS INC	Entrada Therapeutics
EPC NATURAL PRODUCTS CO LTD	EPC Natural Products Co.,Ltd.
EPICS THERAPEUTICS	EPICS Therapeutics
EPINOVA THERAPEUTICS CORP	Epinova Therapeutics
EPIZYME INC	Epizyme
ESAI R & D MAN CO LTD	Eisai
ESCIENT PHARMACEUTICALS INC	Escient pharmaceuticals
ESPERION THERAPEUTICS INC	Esperion Therapeutics
ESSENLIX CORP	Essenlix Corporation
ESSENTIAL NUTRITION LTD	Essential Nutrition
ESSILOR INT	Essilor International
ESTEVE PHARMACEUTICALS SA	Esteve
ESTRYX PHARMA LTD	EstryX Pharma Limited
ETERN BIOPHARMA SHANGHAI CO LTD	ETERN BioPharma
ETH ZUERICH	ETH Zurich
ETH Zürich	ETH Zurich
EUROFINS DISCOVERX CORP	DiscoverX
EUROSCREEN SA	Euroscreen
EVESTRA INC	Evestra
EVOTEC NEUROSCIENCES GMBH	Evotec
EWHA UNIVERSITY-INDUSTRY COLLABORATION FOUND	Ewha University-Industry Collaboration Foundation
EXELIXIS INC	Exelixis
EXONHIT THERAPEUTICS SA	ExonHit Therapeutics
EXPOTREND COMPANY SA	Expotrend Company
F HOFFMANN-LA ROCHE AG	Roche
F. HOFFMAN-LA ROCHE, A SWISS COMPANY	Roche
F. HOFFMANN-LA ROCHE AG	Roche
F. HOFFMANN-LA ROCHE AG, A SWISS COMPANY	Roche
FABIUS BIOTECHNOLOGY	Fabius Biotechnology
FABRE PIERRE DERMO COSMETIQUE	Pierre Fabre
FAMILIES OF SPINAL MUSCULAR ATROPHY	Cure SMA
FAUST PHARMACEUTICALS	Domain Therapeutics
FDC LTD	FDC Ltd
FERRER INT	Ferrer
FIMECS INC	FIMECS
FIRMENICH INCORPORATED	Sentarom
FIRST WAVE BIO INC	First Wave BioPharma
FLAGSHIP PIONEERING INNOVATIONS V INC	Flagship Pioneering
FLAVOLOGIC GMBH	FlavoLogic
FLORIDA A & M UNIVERSITY	Florida Agricultural and Mechanical University
FMC CORP	FMC Corporation
FOLLICA INC	Follica
FOND ISTITUTO ITALIANO DI TECHNOLOGIA	Italian Institute of Technology
FOND ISTITUTO ITALIANO DI TECNOLOGIA	Italian Institute of Technology
FOND TELETHON	Telethon
FONDAZIONE ST ITALIANO TECNOLOGIA	Italian Institute of Technology
FORMA THERAPEUTICS INC	Forma Therapeutics
FORMA TM LLC	Forma Therapeutics
FORSCHUNGSVERBUND BERLIN EV	Research Association Berlin
FOSCAMA BIOMED CHIM FARMA	Biomedica Foscama
FOSUN ORINOVE PHARMATECH INC	Fosun Pharma
FOUNDATION MEDICINE INC	Foundation Medicine
FOURNIER LAB SA	Fournier Lab
FRAUNHOFER GES FORSCHUNG	Fraunhofer-Gesellschaft
FRAUNHOFER GES ZUR FÖRDERUNG DER ANGEWANDTEN FORSCHUNG E V	Fraunhofer-Gesellschaft
FRAUNHOFER-GESELLSCHAFT ZUR FÖRDERUNG DER ANGEWANDTEN FORSCHUNG E V	Fraunhofer-Gesellschaft
FRESENIUS KABI IPSUM S R L	Fresenius Kabi iPSUM
FRESENIUS KABI ONCOLOGY LTD	Fresenius Kabi Oncology Limited
FRESH CHECK LTD	Fresh Check
FRITO LAY NORTH AMERICA INC	Frito-Lay
FRITO-LAY NORTH AMERICA INC	Frito-Lay
FUJI PHOTO FILM CO LTD	Fujifilm
FUJIFILM CELLULAR DYNAMICS INC	Fujifilm
FUJIFILM CORP	Fujifilm
FULLGREEN LTD	Fullgreen
FUND INST DE RECERCA BIOMEDICA (IRB BARCELONA)	Institute for Research in Biomedicine
FUNDACAO DE AMPARO A PESQUISA	Sao Paulo Research Foundation
FUNDACAO DE AMPARO A PESQUISA DO ESTADO DE SAO PAULO	Sao Paulo Research Foundation
FUNDACIO DE AMPARO PESQUISA DO	Sao Paulo Research Foundation
FUNDACIO INST DE RECERCA BIOMEDICA IRB BARCELONA	Institute for Research in Biomedicine
FUNDACIO INST DE RECERCA BIOMEDICA IRB BARCELONA0	Institute for Research in Biomedicine
FUNDACION DEL SECTOR PUBLICO ESTATAL CENTRO NAC DE INVESTIGACIONES ONCOLOGICAS CARLOS III F S P CNIO	National Cancer Research Center (CNIO)
FUNDACIÓN IMDEA ALIMENTACIÓN	IMDEA Food Institute
FUNDACIÓ INST DE RECERCA BIOMÈDICA (IRB BARCELONA)	Institute for Research in Biomedicine
FUNDACIÓ INST DE RECERCA BIOMÈDICA (IRB BARCELONA)	Institute for Research in Biomedicine
G AT THE UNIVERSITY OF SOUTHER	University of Southern California
G1 THERAPEUTICS INC	G1 Therapeutics
GALAPAGOS GENOMICS NV	Galapagos
GALAPAGOS NV	Galapagos
GALDERMA RES & DEV	Galderma
GALLEON PHARMACEUTICALS INC	Galleon Pharmaceuticals
GE BAYER SILICONES GMBH & CO	GE Bayer Silicones
GEN ELECTRIC	General Electric
GEN HOSPITAL CORP	Massachusetts General Hospital
GENENTECH INC	Genentech
GENENTECH, INC.	Genentech
GENFLEET THERAPEUTICS SHANGHAI INC	GenFleet Therapeutics
GENMEDICA THERAPEUTICS SL	Genmedica Therapeutics
GENOSCIENCE PHARMA	Genoscience Pharma
GENZYME CORP	Sanofi
GEORGIA TECH RES INST	Georgia Tech Research Institute
GI THERAPEUTICS INC	G1 Therapeutics
GILEAD CONNECTICUT INC	Gilead Sciences
GILEAD CONNECTICUT, INC.	Gilead Sciences
GILEAD PHARMASSET LLC	Gilead Sciences
GILEAD SCIENCES INC	Gilead Sciences
GLAXO GROUP LIMITED	GlaxoSmithKline
GLAXO GROUP LTD	GlaxoSmithKline
GLAXOSMITHKLINE INTELLECTUAL PROPERTY (NO 2) LTD	GlaxoSmithKline
GLAXOSMITHKLINE INTELLECTUAL PROPERTY DEV LIMIT	GlaxoSmithKline
GLAXOSMITHKLINE IP DEV LTD	GlaxoSmithKline
GLAXOSMITHKLINE IP NO 2 LTD	GlaxoSmithKline
GLAXOSMITHKLINE K K	GlaxoSmithKline
GLAXOSMITHKLINE LLC	GlaxoSmithKline
GLENMARK PHARMACEUTICALS LTD	Glenmark Pharma
GLENMARK PHARMACEUTICALS SA	Glenmark Pharma
GLIATECH INC	Gliatech
GLOBAL BLOOD THERAPEUTICS INC	Global Blood Therapeutics
GLOBAL GENOMICS GROUP LLC	G3 Therapeutics
GLUCOX BIOTECH AB	Glucox Biotech AB
GLYCON LLC	Glycon
GLYSURE LTD	Glysure
GOODYEAR TIRE & RUBBER	Goodyear Tires
GOV OF USA AS REPRESENTED BY THE SECRETARY DEPT OF HEALTH AND HUMAN SERVICES NAT INST OF HEALTH	United States Department of Health and Human Services
GOVERNING COUNCIL UNIV TORONTO	The University of Toronto Governing Council
GOVERNMENT OF THE U S A AS REP	Federal government of the United States
GOVERNMENT OF THE UNITED STATES	Federal government of the United States
GRAYBUG VISION INC	Graybug Vision
GREEN CROSS CORP	Green Cross Corporation
GRINDEKS JSC	Grindeks
GRUENENTHAL GMBH	Gruenenthal
GSF FORSCHUNGSZENTRUM UMWELT	GSF Research Center for Environment and Health GmbH
GUANGZHOU ESA BIOTECH CO LTD	Esa Biotech
GUANGZHOU HENOVCOM BIOSCIENCE CO LTD	Henovcom Bioscience
GUANGZHOU INST BIOMED & HEALTH	Guangzhou Institute of Biomedicine and Health
GUANGZHOU INST OF BIOMEDICINE AND HEALTH	Guangzhou Institute of Biomedicine and Health
GUILFORD PHARM INC	Guilford Pharmaceuticals
GUIZHOU BAILING ENTPR GROUP PHARMACEUTICAL CO LTD	Guizhou Bailing
Grünenthal GmbH	Grunenthal GmbH
H LEE MOFFITT CANCER CT & RES	Moffitt Cancer
H LUNDBECK AS	Lundbeck
H. LUNDBECK A/S	Lundbeck
HAFTUNG MERCK PATENT GES MIT BESCHRANKTER	Merck
HALOZYME INC	HALOZYME INC
HANALL BIOPHARMA CO LTD	Hanall Biopharma
HANGZHOU BENSHENG PHARMACEUTICAL CO LTD	Hangzhou Bensheng Pharmaceutical
HANGZHOU MINSHENG INSTITUTES FOR PHARMA RES CO LTD	Hangzhou Minsheng Pharmaceutical Co., Ltd
HANGZHOU XINGLU TECH CO LTD	Hangzhou Xinglu Industry Co., Ltd
HANMI HOLDINGS CO LTD	Hanmi Pharmaceutical
HANMI PHARM IND CO LTD	Hanmi Pharmaceutical
HANMI SCIENCE CO LTD	Hanmi Pharmaceutical
HARBIN ZHENBAO PHARMACEUTICAL CO LTD	Harbin Pharmaceutical
HARVARD COLLEGE	Harvard College
HASEGAWA T CO LTD	T. Hasegawa
HEALTH AND HUMAN SERVICES, DEPARTMENT OF, GOVERNMENT OF THE UNITED STATES OF AMERICA AS REPRESENTED BY THE SECRETARY OF THE, THE	United States Department of Health and Human Services
HEART RES INST LTD	Heart Research Institute
HEFEI INST PHYSICAL SCI CAS	Hefei Institutes of Physical Science
HELMHOLTZ INFEKTIONSFORSCHUNG	Helmholtz Centre for Infection Research
HELMHOLTZ ZENTRUM MÜNCHEN DEUTSCHES FORSCHUNGSZENTRUM FÜR GESUNDHEIT UND UMWELT GMBH	Helmholtz Zentrum Munchen - German Research Center for Environmental Health
HELSINGIN YLIOPISTO	University of Helsinki
HENKEL AG & CO KGAA	Henkel
HENKEL KGAA	Henkel
HEPTARES THERAPEUTICS LTD	Sosei Heptares
HETERO DRUGS LTD	Hetero Drugs
HETERO RESEARCH FOUNDATION	Hetero
HIGH POINT PHARMACEUTICALS LLC	High Point Pharmaceuticals
HIGH POINT PHARMACEUTICALS, LLC	High Point Pharmaceuticals
HINOVA PHARMACEUTICALS INC	Hinova Pharmaceuticals
HLB CO., LTD.	HLB
HOECHST AG	Hoechst AG
HOECHST MARION ROUSSEL DE GMBH	Hoechst AG
HOECHST MARION ROUSSEL INC	Hoechst AG
HOFFMANN LA ROCHE	Roche
HOFFMANN-LA ROCHE INC.	Roche
HOKKO CHEM IND CO	Hokko
HOLOGIC INC	Hologic
HONEYWELL INT INC	Honeywell
HONSHU CHEMICAL IND	Honshu Chemical Industry
HOPE CITY	Hope City
HORIZON ORPHAN LLC	Horizon Therapeutics
HOSPITAL FOR SICK CHILDREN	The Hospital for Sick Children
HOUSE FOODS CORP	House Foods Group
HOVIONE SCIENTIA LTD	Hovione
HUMAN BIOMOLECULAR RES INST	Human BioMolecular Research Institute
HUMAN BIOMOLECULAR RES INSTITUTE	Human BioMolecular Research Institute
HUTCHISON MEDIPHARMA LIMITED	HUTCHMED
HUTCHISON MEDIPHARMA LTD	HUTCHMED
HYBRIGENICS SA	Hybrigenics
HYDRA BIOSCIENCES INC	Hydra Biosciences
HYDRA BIOSCIENCES LLC	Hydra Biosciences
HYDRO QUEBEC	Hydro-Quebec
HYPHA DISCOVERY LTD	Hypha Discovery
Hoffmann-La Roche Inc	Roche
IAC IN NAT UNIV CHUNGNAM	Industry & Academic Cooperation in Chungnam National University (IAC)
ICAGEN INC	Icagen
ICAHN SCHOOL MED MOUNT SINAI	Icahn School of Medicine at Mount Sinai
ICHIMARU PHARCOS INC	Ichimaru Pharcos
ID PHARMA GMBH	ID PHARMA APO
IKENA ONCOLOGY INC	Ikena Oncology
IMAGO PHARMACEUTICALS INC	Imago BioSciences
IMAX DISCOVERY GMBH	IMAX Discovery GmbH
IMBA - INST FÜR MOLEKULARE BIOTECHNOLOGIE GMBH	Institute of Molecular Biotechnology of the OeAW
IMBA-INSTITUT FÜR MOLEKULARE BIOTECHNOLOGIE GMBH	Institute of Molecular Biotechnology of the OeAW
IMBRIA PHARMACEUTICALS INC	Imbria
IMCHECK THERAPEUTICS SAS	Imcheck Therapeutics
IMMUNIC AG	Immunic
IMMUNOLIGHT LLC	Immunolight
IMMUNOMEDICS INC	Gilead Sciences
IMMUNOMET THERAPEUTICS INC	ImmunoMet Therapeutics
IMMUNWORK INC	Immunwork
IMPOSSIBLE FOODS INC	Impossible Foods
INBIOMOTION SL	Inbiomotion
INCOZEN THERAPEUTICS PVT LTD	Incozen
INCYTE CORP	Incyte
INCYTE CORPORATION	
INCYTE HOLDINGS CORP	Incyte
IND CHIMICA SRL	Industriale Chimica
IND RES LTD	Indiana Resources
INDENA S.P.A.	Indena
INDENA SPA	Indena
INDIAN INST TECHNOLOGY MADRAS	Indian Institute Of Technology
INDIVIOR UK LTD	Indivior
INDUSTRY-ACADEMIC COOP FOUND YONSEI UNIV	Yonsei University Wonju Industry-Academic Cooperation
INDUSTRY-ACADEMIC COOPERATION FOUNDATION YONSEI UNIV	Yonsei University Wonju Industry-Academic Cooperation
INFINITY PHARMACEUTICALS INC	Infinity Pharmaceuticals
INGENIUM PHARMACEUTICALS AG	Helmholtz Zentrum München
INHIBITAXIN LTD	Inhibitaxin Ltd.
INMED PHARMACEUTICALS INC	InMed Pharmaceuticals
INNATE PHARMA	Innate Pharma
INSCENT INC	Inscent
INSECTERGY LLC	Insectergy
INSERM (INSTITUT NAT DE LA SANTÉ ET DE LA RECH MÉDICALE)	French National Institute of Health and Medical Research (Inserm)
INSERM (INSTITUT NATIONAL DE LA SANTE ET DE LA RECH MEDICALE)	French National Institute of Health and Medical Research (Inserm)
INSERM (INSTITUT NATIONAL DE LA SANTÉ ET DE LA RECH MÉDICALE)	French National Institute of Health and Medical Research (Inserm)
INSERM INST NAT DE LA SANTÉ ET DE LA RECH MÉDICALE	French National Institute of Health and Medical Research (Inserm)
INST BIOCHEMII I BIOFIZYKI PAN	Institute of Biochemistry and Biophysics
INST BIOCHEMII I BIOFIZYKI POLSKIEJ AKADEMI NAUK	Institute of Biochemistry and Biophysics
INST BIOCHEMII I BIOFIZYKI POLSKIEJ AKADEMII NAUK	Institute of Biochemistry and Biophysics
INST CANCER RES D B A THE RES INST OF FOX CHASE CANCER CT	Fox Chase Cancer Center
INST CATALANA RECERCA ESTUDIS AVANCATS	ICREA
INST DE MEDICINA MOLECULAR JOAO LOBO ANTUNES	Institute of Molecular Medicine (iMM)
INST DE RECERCA CONTRA LA LEUCEMIA JOSEP CARRERAS	Josep Carreras Leukaemia Research Institute
INST HEPATITIS & VIRUS RES	Institute for Hepatitis and virus research
INST MATERIA MEDICA CAMS	Chinese Academy of Medical Sciences
INST MEDICAL W & E HALL	Walter and Eliza Hall Institute of Medical Research
INST NAT DE LA SANTÉ ET DA LA RECH MÉDICALE (INSERM)	French National Institute of Health and Medical Research (Inserm)
INST NAT RECH MEDICALE INSERM	French National Institute of Health and Medical Research (Inserm)
INST NAT SANTE RECH MED	French National Institute of Health and Medical Research (Inserm)
INST ONEWORLD HEALTH	Institute for One World Health
INST QUIMIC DE SARRIA CETS FUNDACIO PRIVADA	Chemical Institute of Sarria
INSTITUCIÓ CATALANA DE RECERCA I ESTUDIS AVANÇATS	Catalan Institution for Research and Advanced Studies (ICREA)
INSTITUTE FOR CANCER RES D/B/A THE RES INSTITUTE OF FOX CHASE CANCER CENTER	Fox Chase Cancer Center
INSTITUTE NATIONAL DE LA SANTE ET DE LA RECHERCHE MEDICALE (I.N.S.E.R.M.)	French National Institute of Health and Medical Research (Inserm)
INTE LIGAND	Inte:Ligand
INTE LIGAND SOFTWARE ENTWICKLU	Inte:Ligand
INTEGRAL EARLY DISCOVERY INC	Integral Early Discovery
INTERCEPT PHARMACEUTICALS INC	Intercept Pharmaceuticals
INTERMED DISCOVERY GMBH	InterMed Discovery
INTERMUNE INC	Roche
INTERNAT MEDICAL INNOVATIONS I	Medical Innovations International
INTERQUIM SA	Interquim
INTERVET INT BV	Intervet International B.V.
INTEZYNE TECH INC	Intezyne
INTEZYNE TECHNOLOGIES	Intezyne
INTEZYNE TECHNOLOGIES INC	Intezyne
INTIMA BIOSCIENCE INC	Intima Bioscience
INVENTISBIO CO LTD	InventisBio
IONIS PHARMACEUTICALS INC	Ionis Pharmaceuticals
IPSEN BIOPHARM LTD	Ipsen
IPSEN PHARMA SAS	Ipsen
IRM LLC	IRM
IRONWOOD PHARMACEUTICALS INC	Ironwood Pharmaceuticals
ISIS INNOVATION	Oxford University Innovation
ISIS INNOVATION LIMITED	Oxford University Innovation
ISIS PHARMACEUTICALS INC	Ionis Pharmaceuticals
ISIS PHARMACEUTICALS, INC.	Ionis Pharmaceuticals
ISP INVESTMENTS INC	ISP Group
ISTANBUL UNIV REKTORLUGU	Istanbul University
ITALFARMACO SPA	Italfarmaco Holding
ITHERX PHARMA INC	iTherX
ITHERX PHARMACEUTICALS INC	iTherX
IUCF HYU ERICA CAMPUS	Hanyang University
IXCHELSIS LTD	Ixchelsis Limited
Ipsen Biopharm Limited	Ipsen
JACKSON LAB	The Jackson Laboratory
JACOBIO PHARMACEUTICALS CO LTD	Jacobio Pharmaceuticals
JACOBIO PHARMACEUTICALS CO., LTD	Jacobio Pharmaceuticals
JAGOTEC AG	Jagotec AG
JAMES BLACK FOUNDATION	James Black Foundation
JANSSEN BIOPHARMA INC	Johnson and Johnson
JANSSEN BIOTECH INC	Johnson and Johnson
JANSSEN PHARAMACEUTICA, N.V.	Johnson and Johnson
JANSSEN PHARAMCEUTICA NV	Johnson and Johnson
JANSSEN PHARMACEUTICA N Y	Johnson and Johnson
JANSSEN PHARMACEUTICA NV	Johnson and Johnson
JANSSEN PHARMACEUTICA, N.V.	Johnson and Johnson
JANSSEN PHARMACEUTICALS INC	Johnson and Johnson
JANSSEN R & D IRELAND	Johnson and Johnson
JANSSEN SCIENCES IRELAND UC	Johnson and Johnson
JAPAN AS REPRESENTED BY GENERA	Japan Science and Technology Agency
JAPAN HEALTH SCIENCES FOUND	Japan Health Sciences Foundation
JAPAN SCIENCE & TECH AGENCY	Japan Science and Technology Agency
JAPAN SCIENCE & TECH CORP	Japan Science and Technology Agency
JAPAN SCIENCE AND TECHNOLOGY AGENCY	Japan Science and Technology Agency
JAPAN TABACCO INC	Japan Tobacco
JAPAN TOBACCO INC	Japan Tobacco
JAPAN TOBACCO, INC	Japan Tobacco
JAPANESE R AND D ASSOC FOR NEW	Japan Science and Technology Agency
JD BIOSCIENCE INC	JD Bioscience
JEIL PHARMACEUTICAL CO LTD	Jeil Pharmaceutical
JIANGSU AOSAIKANG PHARM CO LTD	Aosaikang Pharma
JIANGSU ATOM BIOSCIENCE AND PHARMACEUTICAL CO LTD	Atom Bioscience
JIANGSU HANSOH PHARMACEUTICAL	Hansoh Pharma
JIANGSU HANSOH PHARMACEUTICAL GROUP CO LTD	Hansoh Pharma
JIANGSU HENGRUI MEDICINE CO	Jiangsu Hengrui Medicine
JOHANN WOLFGANG GOETHE UNIV FRANKFURT AM MAIN	Goethe University Frankfurt
JOHNSON & JOHNSON PHARM RES	Johnson and Johnson
JOHNSON MATTHEY PLC	Johnson Matthey
JOINT STOCK COMPANY “BIOCAD”	BIOCAD
JOUNCE THERAPEUTICS INC	Jounce Therapeutics
JPV01 LTD	JPV01 ltd.
JSC GRINDEKS	Grindeks
JUBILANT LIFE SCIENCES LTD	Jubilant Life Sciences
KAKEN PHARMA CO LTD	Kaken Pharmaceutical
KALLYOPE INC	Kallyope
KALYPSYS INC	Kalypsys
KALYRA PHARMACEUTICALS INC	Kalyra Pharmaceuticals
KANCERA AB	Kancera
KANEKA CORP	Kaneka Corporation
KANEKA CORPORATION	Kaneka Corporation
KANEQ PHARMA	Kaneq Bioscience Ltd
KANEQ PHARMA INC	Kaneq Bioscience Ltd
KAOHSIUNG MEDICAL UNIVERSITY	Kaohsiung Medical University
KARDIATONOS INC	Kardiatonos
KARO BIO AB	Karo Pharma
KAROBIO AB	Karo Pharma
KARYOPHARM THERAPEUTICS INC	Karyopharm Therapeutics
KATHOLIEKE UNIVERSIFEIT LEUVEN	KU Leuven
KCC SILICONE CORP	Kumkang Korea Chemicals Co
KEMIA INC	Kemia
KEMPHARM INC	KemPharm
KENJOCKETY BIOTECHNOLOGY INC	Kenjockety Biotechnology
KING ABDULAZIZ UNIVERSITY	King Abdulaziz University
KINJIRUSHI CO LTD	Kinjirushi
KIRIN HOLDINGS KABUSHIKI KAISHA	Kirin Holdings
KIRIN PHARMA KK	Kirin Holdings
KISSEI PAHRMACEUTICAL CO., LTD.	Kissei
KISSEI PHARMACEUTICAL	Kissei
KISSEI PHARMACEUTICAL CO., LTD.	Kissei
KITASATO INST	The Kitasato Institute
KONICA MINOLTA INC	Konica Minolta
KOREA INST SCI & TECH	Korea Institute of Science and Technology
KOREA RES INST CHEM TECH	Korea Research Institute of Chemical Technology
KOREA RES INST CHEMICAL TECH	Korea Research Institute of Chemical Technology
KOREA RES INST OF BIOSCIENCE	Korea Research Institute of Bioscience & BioTechnology
KRAFT FOODS R & D INC	Kraft Foods Inc
KRKA D D NOVO MESTO	Krka
KRONOS BIO INC	Kronos Bio
KT & G CORP	Korea Tobacco and Ginseng Corporation
KTB TUMORFORSCHUNGSGESELLSCHAF	KTB Tumorforschungsgesellschaft
KTN BIOTEC INC	Knowledge Transfer Network (KTN)
KUMQUAT BIOSCIENCES INC	Kumquat Biosciences
KURARAY CO	Kuraray
KURARAY NORITAKE DENTAL INC	Kuraray
KUREHA CHEMICAL IND CO LTD	Kureha Corporation
KUREHA CORP	Kureha Corporation
KWS SAAT SE & CO KGAA	KWS Saat
KYMERA THERAPEUTICS INC	Kymera Therapeutics
KYN THERAPEUTICS	Ikena Oncology
KYOTO ELECTRONICS MFG	Kyoto Electronics Manufacturing
KYOWA HAKKO KIRIN CO LTD	Kyowa Kirin
KYOWA HAKKO KIRIN CO., LTD.	Kyowa Kirin
KYOWA KIRIN CO LTD	Kyowa Kirin
KYPHIA PHARMACEUTICALS INC	Kyphia Pharmaceuticals
KØBENHAVNS UNI	University of Copenhagen
KØBENHAVNS UNI	University of Copenhagen
LANXESS DEUTSCHLAND GMBH	Lanxess
LAURUS LABS LTD	Laurus Labs
LEAD DISCOVERY CENTER GMBH	Lead Discovery Center GmbH
LEAD DISCOVERY SIENA S R L	Lead Discovery Siena
LEADIANT BIOSCIENCES SA	Leadiant Biosciences
LEK PHARMACEUTICALS	Novartis
LEO PHARMA AS	LEO Holding
LES LABORATOIRES SERVIER	Servier
LES LABORATOIRES SERVIER SAS	Servier
LEXICON PHARMACEUTICALS INC	Lexicon Pharmaceuticals
LG CHEM INVESTMENT LTD	LG Chem
LG CHEM INVESTMENT LTD.	LG Chem
LG CHEMICAL LTD	LG Chem
LIEBER INST FOR BRAIN DEV	Lieber Institute for Brain Development (LIBD)
LIEBER INST FOR BRAIN DEVELOPMENT	Lieber Institute for Brain Development (LIBD)
LIEBER INST INC	Lieber Institute for Brain Development (LIBD)
LIEBER INST INC DBA LIEBER INST FOR BRAIN DEVELOPMENT	Lieber Institute for Brain Development (LIBD)
LIFE TECHNOLOGIES CORP	Thermo Fisher Scientific
LIFELINE NUTRACEUTICALS CORP	LifeVantage
LIFEVANTAGE CORP	LifeVantage
LIGAND PHARM INC	Ligand Pharmaceuticals
LIGAND PHARMCEUTICALS INC	Ligand Pharmaceuticals
LIGHTSHIP MEDICAL LTD	Lightship
LILLY CO ELI	Lilly
LIN BIOSCIENCE LLC	Lin BioScience
LIN BIOSCIENCE PTY LTD	Lin BioScience
LINNAEUS THERAPEUTICS INC	Linnaeus Therapeutics
LITTLE SCIENTIST CO LTD	Little Science Co
LIVET AG	LiVET AG
LONDON HEALTH SCI CT RES INC	London Health Sciences Centre
LONG ISLAND JEWISH RES INST	Long Island Jewish Medical Center (LIJMC)
LONGEVICA PHARMACEUTICALS INC	Longevica
LONZA AG	Lonza Group
LOXO ONCOLOGY INC	Loxo Oncology, Inc.
LPATH INC	Lpath
LTB4 SWEDEN AB	LTB4 Sweden
LTT BIO PHARMA CO LTD	LTT Bio-Pharma
LTT BIO-PHARMA CO LTD	LTT Bio-Pharma
LUDWIG MAXIMILIANS UNIV MUNCHEN	Ludwig Maximilian University of Munich
LUDWIG MAXIMILIANS UNIVERSITÄT MÜNCHEN	Ludwig Maximilian University of Munich
LUDWIG MAXIMILIANS UNIVERSITÄT MÜNCHEN	Ludwig Maximilian University of Munich
LUNELLA BIOTECH INC	Lunella Biotech
LUPIN LTD	Lupin
LYCERA CORP	Lycera
LYSOSOMAL THERAPEUTICS INC	Lysosomal Therapeutics, Inc.
MAITHRI DRUGS PRIVATE LTD	Maithri Drugs
MALLINCKRODT INC	Mallinckrodt
MANGOSUTHU UNIV OF TECH	Mangosuthu University of Technology
MANGOSUTHU UNIV OF TECHNOLOGY	Mangosuthu University of Technology
MANNKIND CORP	MannKind Corporation
MAPI PHARMA LTD	Mapi Pharma
MARS INC	Mars
MARUISHI PHARMA	Maruishi Pharmaceutical
MASSACHUSETTS GEN HOSPITAL	Massachusetts General Hospital
MASSACHUSETTS INST TECHNOLOGY	Massachusetts Institute of Technology
MASSEY UNIVERSITY	Massey University
MATRIX LAB LTD	Matrix Labs
MAX PLANCK GES ZUR FÖRDERUNG DER WISSENSCHAFTEN E V	Max Planck Society
MAX PLANCK GESELLSCHAFT	Max Planck Society
MAX-PLANCK-GESELLSCHAFT ZUR FÖRDERUNG DER WSS E V	Max Planck Society
MAX-PLANCK-GESELLSCHAFT ZUR FÖRDERUNG DER WSS E V	Max Planck Society
MAYO FOUND MEDICAL EDUCATION & RES	Mayo Foundation for Medical Education and Research
MAYO FOUNDATION	Mayo Foundation for Medical Education and Research
MCGILL UNIVERSITY	McGill University
MD BIOALPHA CO LTD	BioAlpha
MD PHARMA AB	MD PHARMA
MDS INC DBA MDS SCIEX	Sciex
MEDICAL RES COUNCIL TECHNOLOGY	Medical Research Council (MRC)
MEDICAL RESEARCH COUNCIL TECH	Medical Research Council (MRC)
MEDICHEM SA	Medichem S.A.
MEDIVATORS INC	Steris
MEDIZINISCHE HOCHSCHULE HANNOVER MHH	Hannover Medical School
MEDLYTE INC	Medlyte
MEDLYTE INC SDSU HEART INST	Heart Institute
MEDSHINE DISCOVERY INC	Medshine Discovery
MEGAFINE PHARMA (P) LTD	Megafine
MEGAFINE PHARMA P LTD	Megafine
MEI PHARMA INC	MEI Pharma
MELINTA THERAPEUTICS INC	Melinta Therapeutics
MEMORIAL SLOAN KETTERING CANCER CENTER	Memorial Sloan Kettering Cancer Center (MSKCC)
MEMORIAL SLOAN-KETTERING CANCER CENTER	Memorial Sloan Kettering Cancer Center (MSKCC)
MENARINI INT OPERATIONS LU SA	Menarini Group
MENTIS CURA EHF	Mentis Cura
MERCK & CO INC	Merck
MERCK & CO., INC.	Merck
MERCK FROSST CANADA INC	Merck
MERCK FROSST CANADA L L C	Merck
MERCK FROSST CANADA LTD	Merck
MERCK PATENT GESELLSCHAFT	Merck
MERCK PATENT GESSELSCHAFT MIT BESCHRANKTER HAFTUNG	Merck
MERCK PATENT GMBH	Merck
MERCK PATETN GMBH	Merck
MERCK SERONO SA	Merck
MERCK SHARP & DOHME	Merck
MERCK SHARP & DOHME B.V.	Merck
MERCK SHARP & DOHME CORP.	Merck
MERCK SHARP & DOHME ITALIA S P	Merck
MERCK SHARP DOHME ITALIA S P A	Merck
MERCK& CO., INC.	Merck
MERZ PHARMA GMBH & CO KGAA	Merz
METABOLEX INC	CymaBay Therapeutics
METABOLON INC	Metabolon
METABOMED LTD	Metabomed
METACRINE INC	Metacrine
METIS CURA EHF	Metis cura ehf
METRIOPHARM AG	MetrioPharm
METS ASIS THERAPEUTICS INC	Ligand Pharmaceuticals
MEXICANO INST PETROL	Mexican Petroleum Institute
MICROSALS, LLC	Microsal
MICURX PHARMACEUTICALS INC	MicuRx
MIDDLE TENNESSEE STATE UNIV	Middle Tennessee State University
MIDWEST RESEARCH INST	MRIGlobal
MIIKANA THERAPEUTICS CORP	CASI Pharmaceuticals
MINDSET PHARMA INC	Mindset Pharma
MINORYX THERAPEUTICS S L	Minoryx
MIRATI THERAPEUTICS INC	Mirati Therapeutics
MISSION THERAPEUTICS LTD	Mission Therapeutics Ltd.
MIT BESCHRANKTER HAFTUNG MERCK PATENT GES	Merck
MITOCHONDRIAL SUBSTRATE INVENTION LTD	Mitocholine Ltd
MITOKININ INC	Mitokinin
MITSUBISHI CHEM CORP	Mitsubishi Chemical Holdings
MITSUBISHI CHEMICAL CO	Mitsubishi Chemical Corporation
MITSUBISHI GAS CHEMICAL CO	Mitsubishi Chemical Holdings
MITSUBISHI PHARMA CORP	Mitsubishi Chemical Holdings
MITSUBISHI PLASTICS INC	Mitsubishi Chemical Holdings
MITSUBISHI TANABE PHARMA CORP	Mitsubishi Chemical Holdings
MITSUI CHEMICALS INC	Mitsui Chemicals
ML LAB PLC	ML Laboratories
MOCHIDA PHARM CO LTD	Mochida
MODERNA THERAPEUTICS INC	Moderna
MOERAE MATRIX INC	Moerae Matrix
MOMENTIVE PERFORMANCE MAT INC	Momentive Performance Materials
MONTELINO THERAPEUTICS INC	Montelino Therapeutics
MONTELINO THERAPEUTICS LLC	Montelino Therapeutics
MOTIVAN LTD	Motivan Ltd.
MS SCIENCE CORP	M Science
MSD INT GMBH	MSD
MSD ITALIA SRL	MSD
MSD KK	Merck
MSN LAB LTD	MSN Laboratories
MSN LABORATORIES PRIVATE LTD	MSN Laboratories
MSN LABORATORIES PRIVATE LTD R&D CENTER	MSN Laboratories
MTA TÁMOGATOTT KUTATÓCSOPORTOK IRODÁJA	Hungarian Academy of Sciences
MURORAN INST TECH	Muroran Institute of Technology
MUSC FOUND FOR RES DEV	Zucker Institute for Innovation Commercialization
MYOTHERIX INC	MyoTherix
MYRIAD PHARMACEUTICALS INC	Myriad Genetics
Mbd co ltd	Medical & Bio Decision
N.V. ORGANON	Organon International
NAHLS CORP CO LTD	NAHLS Corporation
NAHLS CORP CO LTD	NAHLS Corporation
NANJING ALLGEN PHARMA CO LTD	Najing Allgen Pharam Co. Ltd.
NANJING CHIA TAI TIANQING PHARMACEUTICAL CO LTD	Charoen Pokphand Group
NANJING SANHOME PHARMACEUTICAL CO LTD	SANHOME
NAT HEALTH RESEARCH INSTITUTES	National Health Research Institutes (NHRI)
NAT INST OF ADVANCED IND SCIEN	National Institute of Advanced Industrial Science and technology (AIST)
NAT INST OF HEALTH REPRESENTED BY THE SECRETARY OF THE DEPT OF HEALTH AND HUMAN SERVICES NAT INST OF	United States Department of Health and Human Services
NAT INSTITUTE OF BIOLOGICAL SCIENCES BEIJING	National Institute of Biological Sciences
NAT INSTITUTES OF HEALTH UNITED STATES DEPARTMENT OF HEALTH AND HUMAN SERVICES	United States Department of Health and Human Services
NAT SCIENCE AND TECHNOLOGY DEV AGENCY	National Science and Technology Development Agency (NSTDA)
NAT UNIV CORP NAGOYA UNIV	Nagoya University
NAT UNIV CORP UNIV TOYAMA	University of Toyama
NAT UNIV SINGAPORE	National University of Singapore
NATCO PHARMA LTD	Natco Pharma
NATIONAL HEALTH RES INST	National Health Research Institutes (NHRI)
NATIONAL INSTITUTES FOR QUANTUM AND RADIOLOGICAL SCIENCE AND TECH	National Institutes for Quantum Science and Technology (QST)
NATIONAL INSTITUTES OF HEALTH (NIH), U.S. DEPT. OF HEALTH AND HUMAN SERVICES (DHHS), U.S. GOVERNMENT	United States Department of Health and Human Services
NATIONAL SCIENCE FOUNDATION	National Science Foundation
NATURON LTD	Naturon Healthcare Limited
NEKTAR THERAPEUTICS AL CORP	Nektar Therapeutics
NEO CREMAR CO LTD	Neo Cremar
NEOPHARM CO LTD	NeoPharm
NERO NORDISK AS	Novo Nordisk
NERVIANO MEDICAL SCIENCES SRL	Nerviano Medical Sciences
NESTEC SA	Nestle
NESTLE SA	Nestle
NEUFORM PHARMACEUTICALS INC	Neuform Pharmaceuticals
NEULAND LAB LTD	Neuland Labs
NEUROCRINE BIOSCIENCES INC	Neurocrine Biosciences
NEUROGASTRX INC	Neurogastrx
NEUROGEN	NeuroGen
NEUROMED PHARMACEUTICALS LTD	Epirus Biopharmaceuticals
NEUROP INC	NeurOp
NEUROPORE THERAPIES INC	Neuropore
NEUROPTIS BIOTECH	Neuroptis Biotech
NEUROSCIENZE PHARMANESS S C A	PharmaNess
NEUROSCIENZE PHARMANESS S C A R L	PharmaNess
NEUROSEARCH AS	NeuroSearch
NEUROVIVE PHARMACEUTICAL AB	Abliva
NEW MEXICO TECHNICAL RES FOUNDATION	New Mexico Technical Research Foundation
NEWLINK GENETICS CORP	NewLink Genetics
NEWRON PHARM SPA	Newron Pharmaceuticals
NEXGENIX PHARMACEUTICALS	NexGenix Pharmaceuticals
NGAGEIT DIGITAL HEALTH INC	nGageIT Digital Health
NICOX S.A.	NicOx
NICOX SA	NicOx
NIMBUS LAKSHMI INC	Nimbus
NIPPON SHINYAKU CO LTD	Nippon Shinyaku Co.
NIPPON SODA CO	Nippon Soda
NIPPON SUISAN KAISHA LTD	Nippon Suisan Kaisha
NISHIZAKI BIOINFORMATION RESEARCH INSTITUTE	Innovative Bioinformation Research Organization Japan
NISSAN CHEMICAL CORP	Nissan Chemical Industries
NISSAN CHEMICAL IND LTD	Nissan Chemical Industries
NITROGENIX INC	Nitrogenx
NITROMED INC	NitroMed
NITTO DENKO CORP	Nitto Denko
NLIFE THERAPEUTICS S L	nLife Therapeutics
NOBEL BIOSCIENCES LLC	Noble Life Sciences
NODALITY INC	Nodality
NOF CORP	NOF CORPORATION
NOGRA PHARMA LTD	Nogra Pharma
NORGINE BV	Norgine
NORTH CAROLINA CENTRAL UNIV	North Carolina Central University
NORTH CHINA PHARMACEUTICAL NEW DRUG R & D CO LTD	North China Pharmaceutical Group Corp
NORTH CHINA PHARMACEUTICAL NEW DRUG R&D CO LTD	North China Pharmaceutical Group Corp
NOVAER HOLDINGS INC	NOVAER
NOVARTIS AG	Novartis
NOVARTIS PHARMA AG	Novartis
NOVARTIS VACCINES & DIAGNOSTIC	Novartis
NOVASEARCH AG	Novasearch
NOVO NORDISK A/S	Novo Nordisk
NOVO NORDISK AS	Novo Nordisk
NOVO NORDISK INC	Novo Nordisk
NOVOL INC	NovolBio
NOVOZYMES AS	Novo Holdings
NOVOZYMES INC	Novo Holdings
NOXELL CORP	Noxell
NUEVOLUTION AS	Nuevolution
NYCOMED GMBH	Nycomed
NZP UK LTD	New Zealand Pharmaceuticals Ltd
NuCana plc	NuCana
OBALON THERAPEUTICS INC	Obalon Therapeutics
OBSIDIAN THERAPEUTICS INC	Obsidian Therapeutics
OCCIDENTAL CHEM CO	Oxy
OCEANS KING LIGHTING SCIENCE	Ocean's King Lighting Science & Technology
OCUTERRA THERAPEUTICS INC	OcuTerra Therapeutics
OF NEW YORK THE TRUSTEES OF COLUMBIA UNIVERSITY IN THE CITY	The Trustees Of Columbia University
OGAWA & CO LTD	Ogawa and Co., Ltd.
OHIO STATE INNOVATION FOUNDATION	Ohio State Innovation Foundation
OLIPASS CORP	OliPass Corporation
OLON SPA	Fiore Holding
OMEROS CORP	Omeros
ONCO THERAPIES LLC	ONCOtherapeutics
ONCOMED PHARM INC	Mereo BioPharma Group
ONCOSYNERGY INC	OncoSynergy
ONCOTARTIS INC	OncoTartis
ONCOTHERAPY SCIENCE INC	OncoTherapy Science
ONCTERNAL THERAPEUTICS INC	Oncternal Therapeutics
ONO PHARMACEUTICAL CO	Ono Pharmaceutical
ONO PHARMACEUTICAL CO., LTD.	Ono Pharmaceutical
ONTOGENESIS LLC	Ontogenesis
ONTOGENESIS, LLC	Ontogenesis
ORAL DELIVERY TECHNOLOGY LTD	Entera
ORCHID CHEMICALS & PHARM LTD	Orchid Pharma
ORCHID RES LAB LTD	Orchid Pharma
OREAL	L'Oreal
ORGANIX INC	
ORGANON NV	Organon International
ORION CORP	Orion Corporation
ORION CORPORATION	Orion Corporation
OSLO UNIVERSITY HOSPITAL HF	Oslo University Hospital
OSRAM OPTO SEMICONDUCTORS GMBH	Osram Opto Semiconductors GmbH
OSTA BIOTECHNOLOGIES	BW Biotechnologies
OSTA BIOTECHNOLOGIES INC	OSTA Biotechnologies Inc
OTSUKA CHEMICAL CO LTD	Otsuka Pharmaceutica
OTSUKA CHEMICAL HOLDINGS CO LTD	Otsuka Pharmaceutica
OTSUKA PHARMA CO LTD	Otsuka Pharmaceutica
OTTAWA HOSPITAL RES INST	Ottawa Hospital Research Institute
Orionis Biosciences BV	Orionis Biosciences
PACIFIC BIOSCIENCES CALIFORNIA	Pacific Biosciences
PACIFIC BIOSCIENCES CALIFORNIA INC	Pacific Biosciences
PALACKY UNIVERSITY OLOMOUC	Palacky University Olomouc
PANACEA BIOTEC LTD	Panacea Biotec
PANACOS PHARMACEUTICALS INC	Panacos Pharmaceuticals
PANMIRA PHARMACEUTICALS INC	Panmira Pharmaceuticals
PANMIRA PHARMACEUTICALS LLC	Panmira Pharmaceuticals
PARIS SCIENCES ET LETTRE - QUARTIER LATIN	PSL Research University
PARIS SCIENCES ET LETTRES	PSL Research University
PARIS SCIENCES ET LETTRES – QUARTIER LATIN	PSL Research University
PARIS SCIENCES LETTRES QUARTIER LATIN	PSL Research University
PARKER HUGHES INST	Parker Hughes Institute
PARKINSONS INST	Parkinson's Institute
PASTEUR INSTITUT	Pasteur Institute
PEPSICO INC	PepsiCo
PERENNA PHARMACEUTICALS INC	Perenna Pharmaceuticals
PERKINELMER LAS INC	PerkinElmer
PERPETUUM VENTURES BVBA	Perpetuum ventures
PERPETUUM VENTURES NV	Perpetuum ventures
PERPRIN S R L	Perprin
PETER MACCALLUM CANCER INST	The Peter Maccallum Cancer Centre
PF MEDICAMENT	Pierre Fabre
PFIZER	Pfizer
PFIZER INC	Pfizer
PFIZER INC.	Pfizer
PFIZER JAPAN INC	Pfizer
PFIZER LTD	Pfizer
PFIZER PROD INC	Pfizer
PFIZER PRODUCTS INC.	Pfizer
PH PHARMA CO LTD	pH Pharma
PHAMACOGENETICS LTD	PharmacoGenetics Ltd. (PGL)
PHARMA CO LTD J	J-Pharma
PHARMACIA ITALIA SPA	Farmacia Italia
PHARMACOGENETICS LTD	PharmacoGenetics
PHARMACOPEIA DRUG DISCOVERY	US Pharmacopeia
PHARMACOPEIA INC	US Pharmacopeia
PHARMACOPEIA, LLC	US Pharmacopeia
PHARMAXIS LTD	Pharmaxis
PHARMOS CORP	Pharmos
PHARMPUR GMBH	Pharmpur
PHASEBIO PHARMACEUTICALS INC	PhaseBio
PHENEX PHARMACEUTICALS AG	Phenex Pharmaceuticals
PHOENIX MOLECULAR DESIGNS	Phoenix Molecular Designs
PHYTO CORP LTD	Phyto Corporation
PIRAMAL ENTPR LTD	Piramal Group
PLEXXIKON INC	Daiichi Sankyo
PLIVA PHARM & CHEM WORKS	Pliva
POCHE PALO ALTO LLC	Palo Alto Networks
POLYACTIVA PTY LTD	PolyActiva
POLYMASTER LTD	Polymaster
PORTOLA PHARM INC	Portola Pharmaceuticals
PPG INDUSTRIES INC	PPG Industries
PRANA BIOTECHNOLOGY LTD	Prana Biotechnology Ltd
PRECEDO PHARMACEUTICALS CO LTD	Hefei PreceDo pharmaceuticals
PRECITHERA INC	PreciThera
PRELUDE THERAPEUTICS INC	Prelude Therapeutics
PROBIODRUG AG	Vivoryon Therapeutics
PROCTER & GAMBLE	Procter and Gamble
PRODUCTIVE AGING LABORATORY CO LTD	NOMON
PROGENITY INC	Biora Therapeutics
PROLIFIX LTD	Prolifics
PROMEGA CORP	Promega
PROMETHEUS BIOSCIENCES INC	Prometheus Biosciences
PROSIDION LTD	Prosidion Limited
PSYCHNOSTICS LLC	PsychNostics
PTC THERAPEUTICS INC	PTC Therapeutics
PURDUE PHARMA LP	Purdue Pharma
PURDUE RESEARCH FOUNDATION	Purdue Research Foundation
PUSAN NAT UNIV IND COOP FOUND	Pusan National University
PUSAN NAT UNIVERSITY INDUSTRYUNIVERSITY	Pusan National University
PWAI LLC	PWAI
QILU PHARMACEUTICAL CO LTD	Qilu pharmaceutical
QUAKER OATS CO	Quaker Oats Company
QUEEN MARY & WESTFIELD COLLEGE	Queen Mary & Westfield College
RAIN THERAPEUTICS INC	Rain Therapeutics
RANDOX LAB LTD	Randox Laboratories
RAQUALIA PHARMA INC	RaQualia Pharma
RAZE THERAPEUTICS INC	Raze Therapeutics
REATA PHARMACEUTICALS INC	Reata Pharmaceuticals
RECORDATI CHEM PHARM	Recordati
RECURIUM IP HOLDINGS LLC	Recurium
REDDYS LAB LTD DR	Dr. Reddy's Laboratories
REDX PHARMA LTD	Redx Pharma
REDX PHARMA PLC	Redx Pharma
REGENTS OF THE UNIVERSITY OF CALIFORNIA, THE	Regents of the University of California
RELAXSOL LTD	RelaxSol
REMYND NV	reMYND
RENASCIENCE CO LTD	Renascience
RENSSELAER POLYTECH INST	Rensselaer Polytechnic Institute
REPHARTOX	Rephartox
REPLIGEN CORP	Repligen Corporation
RESEARCH FOUNDATION OF THE CITY, THE	Research Foundation of The City University of New York
RESET THERAPEUTICS INC	Reset Therapeutics
RESILIO COMPANY LTD	Resilio
RESOLUTION PERFORMANCE PRODUCT	Resolution Performance Products
RESPIRATORIUS AB	Respiratorius
REVIVA PHARMACEUTICALS INC	Reviva
REVOLUTION MEDICINES INC	Revolution Medicines
RGENIX INC	Inspirna
RHIZEN PHARMACEUTICALS S A	Rhizen
RHIZEN PHARMACEUTICALS SA	Rhizen
RHODES TECH	Rhodes Pharmaceuticals
RHODES TECHNOLOGIES	Rhodes Pharmaceuticals
RHODIA CHIMIE SA	Rhodia
RIB X PHARMACEUTICALS INC	Melinta Therapeutics
RICHTER GEDEON NYRT.	Gedeon Richter
RICHTER GEDEON VEGYESZET	Gedeon Richter
RIGEL PHARMACEUTICALS INC	Rigel Pharmaceuticals
RIKEN	Riken
RISEN SUZHOU PHARMA TECH CO LTD	Risen Pharma
RITCHER GEDEON NYRT	Gedeon Richter
ROCHE BIOSCIENCE	Roche
ROCHE DIAGNOSTICS GMBH	Roche
ROCHE PALO ALTO LLC	Roche
ROOTPATH GENOMICS INC	Rootpath
RUGEN HOLDINGS (CAYMAN) LTD	Rugen Therapeutics
RUGEN HOLDINGS CAYMAN LTD	Rugen Therapeutics
RXI PHARMACEUTICALS CORP	Phio Pharmaceuticals
RYTEK	RyTek Medical
S&T GLOBAL INC	S and T Global
SAGAMI CHEM RES	Sagami Chemical Research Institute (SCRI)
SAGE THERAPEUTICS INC	Sage Therapeutics
SALK INST FOR BIOLOGICAL STUDI	Salk Institute for Biological Studies
SALVAT LAB SA	Salvat
SAMSUNG ELECTRONICS CO LTD	Samsung Electronics
SAMUMED LLC	Biosplice Therapeutics
SANDIA CORP	Sandia National Laboratories
SANFORD BURNHAM MED RES INST	Sanford Burnham Prebys
SANFORD BURNHAM PREBYS MEDICAL DISCOVERY INST	Sanford Burnham Prebys Medical Discovery Institute
SANFORD-BURNHAM MEDICAL RES INST	Sanford Burnham Prebys Medical Discovery Institute
SANKYO CO	Daiichi Sankyo
SANOFI AVENTIS	Sanofi
SANOFI AVENTIS DEUTSCHLAND	Sanofi
SANOFI SA	Sanofi
SANOFI SYNTHELABO	Sanofi
SANOFI-AVENTIS	Sanofi
SANOFI-AVENTIS DEUTSCHLAND GMBH	Sanofi
SANOFIS AVENTIS	Sanofi
SANTEN PHARMA CO LTD	Santen
SANYO CHEMICAL IND LTD	Sanyo Chemical
SANYO CHEMICAL IND LTD	Sanyo Chemical
SATORI PHARMACEUTICALS INC	Satori Pharmaceuticals
SCHEPENS EYE RES INST	Schepens Eye Research Institute
SCHERING CORP	Schering-Plough Corporation
SCHRODINGER INC	Schroedinger, Inc.
SCHROEDINGER INC	Schroedinger, Inc.
SCINOPHARM KUNSHAN BIOCHEMICAL TECHNOLOGY CO LTD	Scinopharm
SCION NEUROSTIM LLC	Scion NeuroStim
SCION PHARMACEUTICALS INC	Scion Pharmaceuticals
SCOHIA PHARMA INC	Scohia Pharma
SCRIPPS HEALTH	Scripps Health
SCRIPPS RESEARCH INST	The Scripps Research Institute
SEALIFE PHARMA GMBH	Sealife Pharma
SEARLE & CO	Searle
SEARLE LLC	Searle
SEASONS BIOTECHNOLOGY (TAIZHOU) CO LTD	Changsha Puji Biotechnology Co., Ltd.
SEASONS BIOTECHNOLOGY TAIZHOU CO LTD	Changsha Puji Biotechnology Co., Ltd.
SEATTLE CHILDRENS HOSPITAL DBA SEATTLE CHILDRENS RES INST	Seattle Children's Research Institute
SEATTLE GENETICS INC	Seagen
SECR DEFENCE	Secretary of State for Defence
SEEFELD MARK A	Seefeld Mark A
SEKISUI CHEMICAL CO LTD	Sekisui Chemical
SELCIA LTD	Selcia
SEMICONDUCTOR ENERGY LAB	Semiconductor Energy Laboratory
SEMINIS VEGETABLE SEEDS INC	Seminis
SENDA BIOSCIENCES INC	Senda
SENSORYGEN INC	Sensorygen
SENTINEL ONCOLOGY LTD	Sentinel Oncology
SERENEX INC	Pfizer
SERENTIS LTD	Serentis
SERES THERAPEUTICS INC	Seres Therapeutics
SERONO LAB	Merck
SERVIER LAB	Servier
SHAGNHAI INST OF MATERIA MEDICA CHINESE ACADEMY OF SCIENCES	Shanghai Institute of Materia Medica Chinese Academy of Sciences
SHANGHAI AI QI ECOLOGICAL TECH CO LTD	Leapstack
SHANGHAI AI QI ECOLOGICAL TECHNOLOGY CO LTD	Leapstack
SHANGHAI ALLIST PHARMACEUTICALS INC	Ellis
SHANGHAI DUDE MEDICAL TECH CO LTD	DudeMed
SHANGHAI FOCHON PHARMACEUTICAL CO LTD	Fochon Pharmaceuticals
SHANGHAI HAIYAN PHARMACEUTICAL TECH CO LTD	Shanghai Haiyan Pharmaceutical Technology Co., Ltd
SHANGHAI HAIYAN PHARMACEUTICAL TECHNOLOGY CO LTD	Shanghai Haiyan Pharmaceutical Technology Co., Ltd
SHANGHAI HANSOH BIOMEDICAL CO LTD	Hansoh Pharma
SHANGHAI INSITITUTE OF ORGANIC CHEMISTRY CHINESE ACAD OF SCIENCES	
SHANGHAI INST MATERIA MEDICA	Shanghai Institute of Materia Medica
SHANGHAI INST MATERIA MEDICA CAS	Shanghai Institute of Materia Medica
SHANGHAI INST MATERIA MEDICA CHINESE ACADEMY OF SCIENCES	Shanghai Institute of Materia Medica
SHANGHAI INST OF MATERIAL MEDICA CHINESE ACADEMY OF SCIENCES	Shanghai Institute of Materia Medica
SHANGHAI PHARMACEUTICALS HOLDING CO LTD	Shanghai Pharmaceuticals
SHANGHAI SUN SAIL PHARMACEUTICAL SCIENCE & TECHNOLOGY CO LTD	Shanghai Sun-Sail Pharmaceuticals
SHANGHAI SYNERGY PHARMACEUTICAL SCIENCES CO LTD	Shanghai Synergy Pharmaceutical Sciences
SHANGHAI YAO YUAN BIOTECHNOLOGY CO LTD	Drug Farm
SHATTUCK LABS INC	Shattuck Labs
SHEARWATER CORP	Shearwater
SHELL OIL CO	Shell Oil Company
SHELL OIL COMPANY	Shell Oil Company
SHENZEN CHIPSCREEN BIOSCIENCE	Chipscreen Biosciences
SHENZHEN CHIPSCREEN BIOSCIENCES LTD	Chipscreen Biosciences
SHENZHEN FORWARD PHARMACEUTICALS CO LTD	Forward-Pharm
SHENZHEN HIGHTIDE BIOPHARMACEUTICAL LTD	HighTide
SHENZHEN SALUBRIS PHARM CO LTD	Shenzhen Salubris Pharmaceuticals
SHENZHEN TARGETRX INC	Shenzhen TargetRx
SHILPA MEDICARE LTD	Shilpa Medicare Limited
SHIMADZU CORP	Shimadzu
SHINETSU CHEMICAL CO	Shin-Etsu Chemical
SHIONOGI & CO	Shionogi
SHIONOGI & CO., LTD.	Shionogi
SHISEIDO CO LTD	Shiseido Company
SHOFU INC	Shofu Global
SHY Therapeutics LLC	SHY Therapeutics
SI CHUAN UNIV	Sichuan University
SI CHUAN UNIVERSITY	Sichuan University
SICHUAN HAISCO PHARMACEUTICAL CO LTD	Haisco Pharmaceutical
SIEMENS AG	Siemens
SIEMENS MEDICAL SOLUTIONS	Siemens
SIEMENS MOLECULAR IMAGING INC	Siemens
SIGA TECH INC	SIGA Technologies
SIGA TECHNOLOGIES INC	SIGA Technologies
SIGMA TAU IND FARMACEUTI	Leadiant Biosciences
SIGMA-TAU INDUSTRIE FARMACEUTICHE RIUNITE S.P.A.	Leadiant Biosciences
SIGNAL PHARM INC	Signal Pharmaceuticals
SIGNAL PHARM LLC	Signal Pharmaceuticals
SIGNAL PHARMACEUTICAL LLC	Signal Pharmaceuticals
SIGNAL PHARMACEUTICALS, LLC	Signal Pharmaceuticals
SIKA TECH AG	Sika Technology
SILVERBACK THERAPEUTICS INC	Silverback Therapeutics
SINGLE CELL TECH INC	Single-Cell Technologies
SINTEF TTO AS	SINTEF TTO
SINVENT AS	Sinvent AS
SIRUS PHARMACEUTICALS LTD	Sirius Pharmaceuticals
SITEONE THERAPEUTICS INC	SiteOne Therapeutics
SITRYX THERAPEUTICS LIMITED	Sitryx
SK CHEMICALS CO LTD	SK Group
SK CHEMICALS CO., LTD.	SK Group
SK CORP	SK Group
SK HOLDINGS CO LTD	SK Group
SLAON KETTERING INST FOR CANCE	Memorial Sloan Kettering Cancer Center (MSKCC)
SLOAN KETTERING INST CANCER	Memorial Sloan Kettering Cancer Center (MSKCC)
SLOAN KETTERING INST CANCER RES	Memorial Sloan Kettering Cancer Center (MSKCC)
SLOAN-KETTERING INST FOR CANCER RES	Memorial Sloan Kettering Cancer Center (MSKCC)
SMITH HOWARD J & ASS PTY LTD	Howard J Smith & Associates Pty Ltd
SMITHKLINE BEECHAM	GlaxoSmithKline
SMITHKLINE BEECHAM CORP	GlaxoSmithKline
SMITHKLINE BEECHAM CORPORATION`GlaxoSmithKline	GlaxoSmithKline
SMITHKLINE BEECHAM P.L.C.	GlaxoSmithKline
SMITHKLINE BEECHAM PLC	GlaxoSmithKline
SNAP BIO INC	Snap Bio
SOCPRA SCIENCES SANTE ET HUMAINES S E C	Socpra Sciences
SOD CONSEILS RECH APPLIC	SOD Council Rech Application
SOLUS ADVANCED MAT CO LTD	Solus Advanced Materials
SOLVAY	Solvay
SOLVAY PHARM BV	Solvay
SOLVAY PHARM GMBH	Solvay
SOLVAY PHARMACEUTICAL GMBH	Solvay
SOUTHERN RES INST	Southern Research
SPEEDEL PHARMA AG	Speedel Pharma
SPRIASO LLC	Spriaso
SQUIBB BRISTOL MYERS CO	Bristol Myers Squibb
ST JUDE CHILDREN'S RES HOSPITAL	St. Jude Children's Research Hospital
ST JUDE CHILDRENS RES HOSPITAL	St. Jude Children's Research Hospital
STATE OF OREGON BY & THROUGH THE STATE BOARD OF HIGHER EDUCATION ON BEHALF OF PORTLAND STATE UNV	Portland State University
STC UNM	STC University of New Mexico
STEINBEIS TRANSFERZENTRUM FÜR BIOPOLYMERANALYTIK UND BIOMOLEKÜL MASSENSPEKTROMETRIE	Steinbeis Chemie
STICHTING HET NL KANKER INST ANTONI VAN LEEUWENHOEK ZIEKENHUIS	The Netherlands Cancer Institute
STICHTING VU VUMC	Stichting VU
STOKELY VAN CAMP INC	Stokely-Van Camp
STORM THERAPEUTICS LTD	STORM Therapeutics
SUGAI CHEMICAL IND CO LTD	Sugai Chemical Industry Co. Ltd
SULFIDRIS S R L	Sulfidris
SUMITOMO BAKELITE CO	Sumitomo Bakelite Company Limited
SUMITOMO CHEMICAL CO	Sumitomo Chemical
SUMITOMO DAINIPPON PHARMA CO LTD	Sumitomo Chemical
SUMITOMO DAINIPPON PHARMA ONCOLOGY INC	Sumitomo Chemical
SUMITOMO PHARMA	Sumitomo Chemical
SUMMIT CORP PLC	Summit Therapeutics
SUN CHEMICAL CORP	Sun Pharmaceutical
SUN MEDICAL CO LTD	Sun Pharmaceutical
SUN PHARMACEUTICAL IND LTD	Sun Pharmaceutical
SUNSHINE LAKE PHARMA CO LTD	HEC Pharm Gmbh
SUNTORY HOLDINGS LTD	Suntory
SUNTORY LTD	Suntory
SURFACE LOGIX INC	Surface Logix
SURFIX B V	MM
SUZHOU MIRACPHARMA TECH CO LTD	Miracpharma
SUZHOU PENGXU PHARMATECH CO LTD	Suzhou Pengxu Pharmaceuticals
SUZHOU VIVOTIDE BIOTECHNOLOGIES CO LTD	Vivotide
SUZHOU ZELGEN BIOPHARMACEUTICAL CO LTD	Zelgen Biopharmaceuticals
SUZHOU ZELGEN BIOPHARMACEUTICALS CO LTD	Zelgen Biopharmaceuticals
SVENOX PHARMACEUTICALS LLC	Svenox
SWITCH BIOTECH AG	Switch Biotech
SWK FUNDING LLC	SWK Holdings
SYMED LABS LTD	Symed Labs
SYMPHONY EVOLUTION INC	Symphony Evolution
SYMRISE AG	Symrise
SYMRISE GMBH & CO KG	Symrise
SYNCHRONICITY PHARMA INC	Synchronicity Pharma
SYNDAX PHARMACEUTICALS INC	Syndax Pharmaceuticals
SYNERGY PHARMACEUTICALS INC	Synergy Pharmaceuticals
SYNEURX INT TAIWAN CORP	SyneuRx
SYNGENTA CROP PROT INC	Syngenta
SYNGENTA CROP PROTECTION AG	Syngenta
SYNGENTA LTD	Syngenta
SYNGENTA PARTICIPATIONS AG	Syngenta
SYNTA PHARMACEUTICALS CORP	Synta Pharmaceuticals
SYNTEX (U.S.A.) LLC	Syntex America
SYNTEX LLC	Syntex America
SYNTEX USA LLC	Syntex America
SYNTHEKINE, INC.	Synthekine
SYNTHON BIOPHARMACEUTICALS BV	Synthon
SYNTHON BV	Synthon
SYNTONIX PHARMACEUTICALS INC	Biogen
SYSMEX CORP	Sysmex Corporation
Seattle Children's Hospital (dba Seattle Children's Research Institute)	Seattle Children's Research Institute
Suzhou Abogen Biosciences Co., Ltd.	Abogen Biosciences
TAIGA BIOTECHNOLOGIES INC	Taiga Biotechnologies
TAISHO PHARMA CO LTD	Taisho Pharmaceutical Holdings
TAKADA PHARMACEUTICALS U S A INC	Takeda Pharmaceutical Company
TAKARA BIO USA INC	Takara Bio USA
TAKASAGO PERFUMERY CO LTD	Takasago International Corporation
TAKEDA CHEMICAL INDUSTRIES LTD	Takeda Pharmaceutical Company
TAKEDA GMBH	Takeda Pharmaceutical Company
TAKEDA PHARMACEUTICAL	Takeda Pharmaceutical Company
TAKEDA PHARMACEUTICAL COMPANY LIMITED	Takeda Pharmaceutical Company
TAKEDA PHARMACEUTICALS CO	Takeda Pharmaceutical Company
TAKEDA SAN DIEGO INC	Takeda Pharmaceutical Company
TANABE SEIYAKU CO	Mitsubishi Tanabe Pharma Corporation
TANGO THERAPEUTICS INC	Tango Therapeutics
TAP PHARMACEUTICAL PROD INC	TAP Pharmaceuticals
TARAPEUTICS SCIENCE INC	Tarapeutics Science
TARIX PHARMACEUTICALS LTD	Tarix Pharmaceuticals
TARO PHARMA IND	Taro Pharmaceutical Industries
TAYCA CORP	Tayca Corporation
TECHFIELDS PHARMA CO LTD	Techfields
TECHNION RES & DEV FOUNDATION	Technion Research & Development Foundation
TECHNOLOGY INNOVATIONS LLC	Tech Innovations
TEIJIN PHARMA LTD	Teijin Limited
TEIKOKU HORMONE MFG CO LTD	ASKA Pharmaceutical Co. Ltd.
TELIGENE LTD	Teligene
TELIK INC	Telik
TEMPERO PHARMACEUTICALS INC	Tempero Pharmaceuticals
TEMPLE UNIVERSITY-OF THE COMMONWEALTH SYSTEM OF HIGHER EDUCATION	Temple University
TEMPUS LABS INC	Tempus
TEON THERAPEUTICS INC	Teon Therapeutics
TERNS PHARMACEUTICALS INC	Terns Pharmaceuticals
TES PHARMA S R I	Tes Pharma
TES PHARMA S R L	Tes Pharma
TEVA PHARMA	Teva Pharmaceuticals
TEXAS A & M UNIV SYS	Texas A&M University System
THC PHARM GMBH	THC Pharm
THE ADMINISTRATORS OF THE TULANE EDUCATIONAL FUND	The Administrators of the Tulane Educational Fund
THE BRAIN PROT COMPANY PTY LTD	Brain Protection Company
THE BRIGHAM AND WOMAN'S HOSPITAL INC	Brigham and Women's Hospital
THE BRIGHAM AND WOMEN'S HOSPITAL INC	Brigham and Women's Hospital
THE CENTRE FOR DRUG RES AND DEV	Centre for Drug Research and Development (CDRD)
THE INSTITUTE OF CANCER RES ROYAL CANCER HOSPITAL	The Institute of Cancer Research
THE KITASATO INST	Kitasato Institute
THE ROYAL INST FOR THE ADVANCEMENT OF LEARNING / MCGILL UNIV	McGill University
THE ROYAL INST FOR THE ADVANCEMENT OF LEARNING/MCGILL UNIV	McGill University
THE ROYAL INSTITUTE FOR THE ADVANCEMENT OF LEARNING / MCGILL UNIV	McGill University
THE ROYAL INSTITUTION FOR THE ADVANCEMENT OF LEARNING / MCGILL UNIV	McGill University
THE TRANSLATIONAL GENOMICS RES INST	The Translational Genomics Research Institute (TGen)
THE UNITED STATES OF AMERICA AS REPRESENTED BY SECRETARY DEPT OF HEALTH AND HUMAN SERVICE	United States Department of Health and Human Services
THE UNIV OF MONTANA	University of Montana
THE UNIV OF NORTH CAROLINA AT GREENSBORO	University of North Carolina at Greensboro
THE US SECRETARY DEPARTMENT OF HEALTH AND HUMAN	United States Department of Health and Human Services
THE US SECRETARY DEPARTMENT OF HEALTH AND HUMAN SERVICE	United States Department of Health and Human Services
THE US SECRETARY DEPARTMENT OF HEALTH AND HUMAN SERVICES OFFICE OF TECHNOLOGY TRANSFER NATIONAL INST	United States Department of Health and Human Services
THE US SECRETARY DEPARTMENT OF THE	United States Department of Health and Human Services
THE WISTAR INST	Wistar Institute
THERACOS INC	Theracos
THERACOS SUB LLC	Theracos
THERANYX	Theranyx
THERAVANCE BIOPHARMA R&D IP LLC	Theravance Biopharma
THERAVANCE BIOPHARMA R&D IP, LLC	Theravance Biopharma
THERAVANCE INC	Theravance Biopharma
THOMAE GMBH DR K	Dr. Karl Thomae GmbH
TIANJIN HEMAY BIO TECH CO LTD	Tianjin Institute of Pharmaceutical Research
TIANJIN INST OF PHARMACEUTICAL RES	Tianjin Institute of Pharmaceutical Research
TIBOTEC PHARM LTD	Tibotec
TING THERAPEUTICS LLC	Ting Therapeutics
TOLREMO THERAPEUTICS AG	TOLREMO therapeutics
TOPHARMAN SHANDONG CO LTD	Topharman
TORAY INDUSTRIES	Toray Industries
TOSHIBA KK	Toshiba Corporation
TOWA KAGAKU CO LTD	Towa Kagaku Co., Ltd.
TOYO GOSEI CO LTD	Toyo Gosei
TP THERAPEUTICS INC	Turning Point Therapeutics
TRANSLATIONAL DRUG DEV LLC	Translational Drug Development
TRANSLATIONAL GENOMICS RES INST	The Translational Genomics Research Institute (TGen)
TRANSTECH PHARMA INC	TransTech Pharma
TRANSTECH PHARMA LLC	TransTech Pharma
TRANSTECH PHARMA, INC.	TransTech Pharma
TRANZYME PHARMA INC	Tranzyme Pharma
TROVAGENE INC	Cardiff Oncology
TRT PHARMA INC	TRT Pharma
TRUCODE GENE REPAIR INC	Vera Therapeutics
TRUEBINDING INC	TrueBinding
TRUSTEES BOSTON COLLEGE	Trustees of Boston College
TULARIK INC	Amgen Inc.
TWINCORE ZENTRUM FUER EXPERIMENTELLE UND KLINISCH INFECTIONSFORSCHUNG GMBH	TWINCORE
Thanares GmbH	Thanares
UAB RES FOUND	UAB Research Foundation
UAB RESEARCH FOUNDATION	UAB Research Foundation
UBE INDUSTRIES	UBE Corporation
UCB BIOPHARMA SPRL	UCB
UCB PHARMA GMBH	UCB
UCB PHARMA SA	UCB
UCL BIOMEDICA PLC	UCL Business Ltd (UCLB)
UCL BUSINESS LTD	UCL Business Ltd (UCLB)
UCL BUSINESS PLC	UCL Business Ltd (UCLB)
UNIBAN UNIVERSIDADE BANDEIRANT	Bandeirante University of São Paulo
UNIBIOSCREEN SA	Unibioscreen
UNICHEM LAB LTD	Unichem Laboratories Ltd.
UNILEVER IP HOLDINGS B V	Unilever
UNILEVER NV	Unilever
UNILEVER PLC	Unilever
UNITED THERAPEUTICS CORP	United Therapeutics Corporation
UNIV AARHUS	Aarhus University
UNIV ABERDEEN	University of Aberdeen
UNIV AIX MARSEILLE	Aix-Marseille University
UNIV AIX MARSEILLE II	Aix-Marseille University
UNIV ALBERTA	University of Alberta
UNIV ANDRES BELLO	Andrés Bello National University
UNIV ANHANGUERA DE SAO PAULO UNIAN SP	Grande ABC University
UNIV ANTWERPEN	University of Antwerp
UNIV ARIEL RES & DEV CO LTD	Ariel University
UNIV ARIZONA	University of Arizona
UNIV ARIZONA STATE	University of Arizona
UNIV ARKANSAS	University of Arkansas
UNIV AUTòNOMA DE BARCELONA	Autonomous University of Barcelona
UNIV AUTòNOMA DE BARCELONA	Autonomous University of Barcelona
UNIV BARCELONA	University of Barcelona
UNIV BATH	University of Bath
UNIV BEIJING	Peking University
UNIV BIRMINGHAM	University of Birmingham
UNIV BOSTON	Boston University
UNIV BRANDEIS	Brandeis University
UNIV BRISTOL	University of Bristol
UNIV BRITISH COLUMBIA	The University of British Columbia
UNIV BROWN	Brown University
UNIV BROWN RES FOUND	Brown University
UNIV CALIFONIRA	University of California
UNIV CALIFORNIA	University of California
UNIV CAPE TOWN	University of Cape Town
UNIV CARDIFF	Cardiff University
UNIV CASE WESTERN RESERVE	Case Western Reserve University
UNIV CHIBA NAT UNIV CORP	Chiba University
UNIV CHICAGO	University of Chicago
UNIV CHOSUN IACF	Chosun University Industry-Academia Cooperation
UNIV CITY	University City
UNIV CITY HONG KONG	City University of Hong Kong
UNIV CITY NEW YORK RES FOUND	The City University of New York
UNIV CLAUDE BERNARD LYON	Claude Bernard University Lyon 1
UNIV COLLEGE CARDIFF CONSULTANTS LTD	University College Cardiff Consultants Ltd
UNIV COLORADO	University of Colorado Boulder
UNIV COLORADO REGENTS	University of Colorado Board of Regents
UNIV COLUMBIA	Columbia University
UNIV CONNECTICUT	University of Connecticut
UNIV COPENHAGEN	University of Copenhagen
UNIV CORK	University College Cork
UNIV CORNELL	Cornell University
UNIV COURT UNIV OF EDINBURGH	The University of Edinburgh
UNIV DANMARKS TEKNISKE	Technical University of Denmark
UNIV DAYTON	University of Dayton
UNIV DEGLI STUDI ROMA LA SAPIENZA	Sapienza University of Rome
UNIV DEL PAÍS VASCO	University of the Basque Country
UNIV DEL PAÍS VASCO	University of the Basque Country
UNIV DREXEL	Drexel University
UNIV DU DROIT ET DE LA SANTE LILLE 2	Lille 2 University of Health and Law
UNIV DUKE	Duke University
UNIV DUNDEE	University of Dundee
UNIV EAST CHINA SCIENCE & TECH	East China University of Science and Technology
UNIV EDINBURGH	The University of Edinburgh
UNIV EMORY	Emory University
UNIV ERASMUS MED CT ROTTERDAM	Erasmus University Medical Center
UNIV EWHA IND COLLABORATION	Ewha University-Industry Collaboration Foundation
UNIV FIRENZE	University of Florence
UNIV FLORIDA	University of Florida
UNIV FRASER SIMON	Simon Fraser University
UNIV FUDAN	Fudan University
UNIV GEORGETOWN	Georgetown University
UNIV GEORGIA	University of Georgia
UNIV GEORGIA STATE RES FOUND	Georgia State University Research Foundation
UNIV GREENWICH	University of Greenwich
UNIV GUNMA NAT UNIV CORP	Gunma University
UNIV HANYANG IND UNIV COOP FOUND	Hanyang University
UNIV HEALTH NETWORK	University Health Network
UNIV HEALTH NETWORK UHN	University Health Network
UNIV HOLY GHOST DUQUESNE	Duquesne University
UNIV HONG KONG POLYTECHNIC	The Hong Kong Polytechnic University
UNIV HOWARD	Howard University
UNIV HUAZHONG SCIENCE TECH	Huazhong University of Science and Technology
UNIV ILLINOIS	University of Illinois Urbana-Champaign
UNIV ILLINOIS THE BOARD OF TRUSTEES OF THE	Illinois Board of Trustees
UNIV IMAM ABDULRAHMAN BIN FAISAL	Imam Abdulrahman Bin Faisal University
UNIV INDIANA RES & TECH CORP	Indiana University Research And Technology Corporation
UNIV INDIANA TRUSTEES	Indiana University Board of Trustees
UNIV INDUSTRY COOPERATION GROUP KYUNG HEE UNIV	University-industry Cooperation Group of Kyung Hee University
UNIV INNSBRUCK	University of Innsbruck
UNIV IOWA RES FOUND	University of Iowa Research Foundation
UNIV IOWA STATE RES FOUND INC	Iowa State University Research Foundation
UNIV JACOBS BREMEN GMBH	Jacobs University
UNIV JAGIELLONSKI	Jagiellonian University
UNIV JEFFERSON	Thomas Jefferson University
UNIV JINAN	Jinan University
UNIV JOHNS HOPKINS	Johns Hopkins University
UNIV JW GOETHE FRANKFURT MAIN	Goethe University Frankfurt
UNIV KANSAS	University of Kansas
UNIV KANSAS CT FOR RES INC	University of Kansas
UNIV KAOHSIUNG MEDICAL	Kaohsiung Medical University
UNIV KEIMYUNG IACF	Keimyung University
UNIV KEIO	Keio University
UNIV KENTUCKY	University of Kentucky
UNIV KENTUCKY RES FOUND	University of Kentucky Research Foundation
UNIV KING ABDULAZIZ	UNIVERSITY KING ABDULAZIZ
UNIV KONSTANZ	University of Konstanz
UNIV KOREA RES & BUS FOUND	Korea University Research and Business Foundation
UNIV KYOTO	KYOTO University
UNIV KYUNG HEE UNIV IND COOP GROUP	Kyung Hee University-Industry Cooperation
UNIV KYUSHU NAT UNIV CORP	National University Corporation Kyushu University
UNIV LAVAL	Laval University
UNIV LEEDS INNOVATIONS LTD	University of Leeds
UNIV LEICESTER	University of Leicester
UNIV LEIDEN	Leiden University
UNIV LELAND STANFORD JUNIOR	Stanford University
UNIV LEUVEN KATH	KU Leuven
UNIV LIEGE	University of Liege
UNIV LILLE	University of Lille
UNIV LILLE II DROIT & SANTE	Lille 2 University of Health and Law
UNIV LIMERICK	University of Limerick
UNIV LONDON	University of London
UNIV LOUISVILLE RES FOUND INC	University of Louisville Research Foundation
UNIV MARQUETTE	Marquette University
UNIV MARYLAND	The University of Maryland
UNIV MASSACHUSETTS	University of Massachusetts
UNIV MCGILL	McGill University
UNIV MCMASTER	McMaster University
UNIV MELBOURNE	University of Melbourne
UNIV MIAMI	University of Miami
UNIV MICHIGAN	University of Michigan
UNIV MICHIGAN REGENTS	Regents of The University of Michigan
UNIV MIE	Mie University
UNIV MILANO BICOCCA	University of Milano-Bicocca
UNIV MINNESOTA	University of Minnesota
UNIV MISSISSIPPI	University of Mississippi
UNIV MONASH	Monash University
UNIV MONTANA	University of Montana
UNIV MONTANA STATE	Montana State University
UNIV MONTREAL	University of Montreal
UNIV MUENCHEN L MAXIMILIANS	Ludwig Maximilian University of Munich
UNIV MUENCHEN LUDWIG MAXIMILIANS	Ludwig Maximilian University of Munich
UNIV NAGOYA NAT UNIV CORP	Nagoya University
UNIV NANKAI	Nankai University
UNIV NANTES	University of Nantes
UNIV NAT CHIAO TUNG	National Yang Ming Chiao Tung University
UNIV NAT TAIWAN NORMAL	National Taiwan Normal University
UNIV NEBRASKA	University of Nebraska–Lincoln
UNIV NEW MEXICO	The University of New Mexico
UNIV NEW YORK	New York University
UNIV NEW YORK STATE RES FOUND	Research Foundation of State University of New York
UNIV NORTH CARLINA AT CHAPEL H	University of North Carolina
UNIV NORTH CAROLINA	University of North Carolina at Chapel Hill at Chapel Hill
UNIV NORTH CAROLINA CHAPEL HILL	University of North Carolina at Chapel Hill
UNIV NORTH CAROLINA STATE	North Carolina State University
UNIV NORTH DAKOTA RES FOUNDATI	North Dakota State University Research Foundation
UNIV NORTHEASTERN	Northeastern University
UNIV NORTHWEST	Northwest University
UNIV NORTHWESTERN	Northwestern University
UNIV NOTRE DAME DU LAC	University of Notre Dame
UNIV NOTTINGHAM	University of Nottingham
UNIV OF FLORIDA RES FOUND	University of Florida Research Foundation
UNIV OF INNSBRUCK	University of Innsbruck
UNIV OF NORTH CAROLINA AT GREENSBORO	University of North Carolina at Greensboro
UNIV OF PITTSBURGH - OF THE COMMONWEALTH SYSTEM OF HIGHER EDUCATION	University of Pittsburgh
UNIV OF PITTSBURGH—OF THE COMMONWEALTH SYSTEM OF HIGHER EDUCATION	University of Pittsburgh
UNIV OF PITTSBURGH—OF THE COMMONWEALTH SYSTEM OF HIGHER EDUCATION	University of Pittsburgh
UNIV OF SOUTHERN CALIFORNIA USC STEVENS	University of Southern California (USC) Stevens Center for Innovation
UNIV OF WINDSOR	University of Windsor
UNIV OHIO	Ohio University
UNIV OHIO STATE	Ohio State University
UNIV OHIO STATE RES FOUND	Ohio State University
UNIV OKLAHOMA	The University of Oklahoma
UNIV OREGON	University of Oregon
UNIV OREGON STATE	Oregon State University
UNIV OSAKA	Osaka University
UNIV OSLO	University of Oslo
UNIV OVIEDO	University of Oviedo
UNIV OXFORD INNOVATION LTD	Oxford University Innovation
UNIV PALACKEHO	Palacky University Olomouc
UNIV PARIS DESCARTES	Paris Descartes University
UNIV PENNSYLVANIA	University of Pennsylvania
UNIV PITTSBURGH	University of Pittsburgh
UNIV PITTSBURGH COMMONWEALTH SYS HIGHER EDUCATION	University of Pittsburgh
UNIV PITTSBURGH—OF THE COMMONWEALTH SYSTEM OF HIGHER EDUCATION	University of Pittsburgh
UNIV PITTSBURGH—OF THE COMMONWEALTH SYSTEM OF HIGHER EDUCATION	University of Pittsburgh
UNIV QUEENSLAND	University of Queensland
UNIV RAMOT	Tel Aviv University
UNIV ROCHESTER	University of Rochester
UNIV ROCKEFELLER	The Rockefeller University
UNIV ROUEN	University of Rouen Normandy
UNIV RUTGERS	Rutgers University
UNIV SAARLAND	Saarland University
UNIV SAARLANDES	Saarland University
UNIV SAINT LOUIS	Saint Louis University
UNIV SASKATCHEWAN	University of Saskatchewan
UNIV SHANDONG	Shandong University
UNIV SHENYANG PHARMACEUTICAL	Shenyang Pharmaceutical University
UNIV SIENA	University of Siena
UNIV SINGAPORE	National University of Singapore
UNIV SOOCHOW	Soochow University
UNIV SOUTH CAROLINA	University of South Carolina
UNIV SOUTHAMPTON	University of Southampton
UNIV SOUTHERN CALIFORNIA	University of Southern California
UNIV STRASBOURG	University of Strasbourg
UNIV TAIPEI MEDICAL	Taipei Medical University
UNIV TEMPLE	Temple University
UNIV TENNESSEE RES FOUNDATION	University of Tennessee Research Foundation
UNIV TEXAS	University of Texas
UNIV TEXAS TECH SYSTEM	Texas Tech University System
UNIV TOKYO	The University of Tokyo
UNIV TORONTO	University of Toronto
UNIV TOYAMA NAT UNIV CORP	University of Toyama
UNIV TULANE	Tulane University
UNIV UTAH RES FOUND	University of Utah
UNIV VANDERBILT	Vanderbilt University
UNIV VIRGINIA	The University of Virginia
UNIV VIRGINIA COMMONWEALTH	Virginia Commonwealth University
UNIV VIRGINIA PATENT FOUNDATION	The University of Virginia
UNIV WAKE FOREST	Wake Forest University
UNIV WARSZAWSKI	University of Warsaw
UNIV WARSZAWSKI MEDYCZNY	Medical University of Warsaw
UNIV WASHINGTON	University of Washington
UNIV WASHINGTON CT COMMERCIALI	University of Washington
UNIV WAYNE STATE	Wayne State University
UNIV WIEN	University of Vienna
UNIV WINDSOR	University of Windsor
UNIV YALE	Yale University
UNIV YAMAGUCHI	Yamaguchi University
UNIV YANTAI	Yantai University
UNIV YONSEI IACF	Yonsei University Industry Academic Cooperation Foundation
UNIV ZHEJIANG	Zhejiang University
UNIV ZUERICH	University of Zurich
UNIV-INDUSTRY COOP GROUP OF KYUNG HEE UNIV	University-industry Cooperation Group of Kyung Hee University
UNIVERISTY HEALTH NETWORKS	University Health Network
UNIVERSIT DEGLI STUDI DEL PIEMONTE ORIENTALE AMEDEO AVOGADRO	University of Eastern Piedmont
UNIVERSITA' DEGLI STUDI DI MILANO	University of Milan
UNIVERSITA' DEGLI STUDI DI MILANO - BICOCCA	University of Milan
UNIVERSITA′ DEGLI STUDI DI MILANO-BICOCCA	University of Milano-Bicocca
UNIVERSITA′ DEGLI STUDI DI MILANO-BICOCCA	University of Milan
UNIVERSITY OF CONNECTICUT	University of Connecticut
UNIVERSITY OF DAYTON	University of Dayton
UNIVERSITY OF OXFORD	University of Oxford
UNIVERSITÀ DEGLI STUDI DEL PIEMONTE ORIENTALE AMEDEO AVOGADRO	University of Eastern Piedmont
UNIVERSITÀ DEGLI STUDI DEL PIEMONTE ORIENTALE AMEDEO AVOGADRO	University of Eastern Piedmont
UNIVERSITÀ DEGLI STUDI DI MILANO - BICOCCA	University of Milan
UNIVERSITÀ DEGLI STUDI DI MILANO - BICOCCA	University of Milano-Bicocca
UNIVERSITÉ DE STRASBOURG	University of Strasbourg
UNIVERSITÉ DU DROIT ET DE LA SANTÉ DE LILLE 2	Lille 2 University of Health and Law
UNIVERSITÉ DE STRASBOURG	University of Strasbourg
UNIVERSITÉ DU DROIT ET DE LA SANTÉ DE LILLE 2	Lille 2 University of Health and Law
UNIVERSITé LAVAL	Laval University
UNIVERSITé LAVAL	Laval University
UNIVERSITé LAVAL	Laval University
UNIVERZITA PALACKEHO V OLOMOUC	Palacky University Olomouc
UNIVESITY OF LEEDS	University of Leeds
US ARMY	United States Army
US ARMY MED RES MAT COMMAND	United States Army Medical Command
US GOV HEALTH & HUMAN SERV	United States Department of Health and Human Services
US HEALTH	USHEALTH Group
US NAVY	United States Navy
US OF AMERICA REPRESENTED BY S	United States of America
USTAV EX BOTAN AKADEMIE VED CE	Institute of Botany of the Czech Academy of Sciences
USV LTD	USV Private Limited
UTI LIMITED PARTNERSHIP	University Technologies International Inc
Univ Virginia Patent Found	The University of Virginia
Universität des Saarlandes	Saarland University
Université de Montréal	University of Montreal
Universität Zürich	University of Zurich
Universität Zürich	University of Zurich
Universität des Saarlandes	Saarland University
Université de Montréal	University of Montreal
Univerzita Palackého v Olomouci	Palacky University Olomouc
Univerzita Palackého v Olomouci	Palacky University Olomouc
VALO EARLY DISCOVERY INC	Valo
VAMSI LABS LTD	Vamsi Labs Ltd.
VANDA PHARMACEUTICALS INC	Vanda Pharmaceuticals
VASCULAR BIOGENICS LTD	VBL Therapeutics
VENTANA MED SYST INC	Ventana Medical Systems
VERA ROASTING COMPANY INC	Vera Roasting Co.
VERA THERAPEUTICS INC	Vera Therapeutics
VERASTEM INC	Verastem Oncology
VERENIGING VOOR CHRISTELIJK HOGER ONDERWIJS WETENSCHAPPELIJK ONDERZOEK EN PATIENTENZORG	ASSOCIATION FOR CHRISTIAN HIGHER EDUCATION SCIENTIFIC RESEARCH AND PATIENT CARE
VERNALIS CAMBRIDGE LTD	Vernalis Research
VERNALIS R & D LTD	Vernalis Research
VERNALLIS R & D LTD	Vernalis Research
VEROSCIENCE LLC	Veroscience
VERSEON CORP	Verseon
VERSEON INC	Verseon
VERSI GROUP LLC	Versi Group
VERSICOLOR TECH LLC	Versicolor Technologies
VERTEX PHARMA	Vertex Pharmaceuticals
VERTEX PHARMACEUTICALS INCORPORATED	Vertex Pharmaceuticals
VIA PHARMACEUTICALS INC	VIA Pharmaceuticals
VIAMET PHARMACEUTICALS BERMUDA LTD	Viamet Pharmaceuticals
VIAMET PHARMACEUTICALS INC	Viamet Pharmaceuticals
VIAMET PHARMACEUTICALS NC INC	Viamet Pharmaceuticals
VIB VZW	Flemish Institute for Biotechnology
VICUS THERAPEUTICS SPE 1 LLC	Vicus Therapeutics
VIIV HEALTHCARE UK (NO 5) LTD	ViiV Healthcare
VIROMETIX AG	Virometix
VITO NV	Flemish Institute for Technological Research
VIVORYON THERAPEUTICS AG	Vivoryon Therapeutics
VM DISCOVERY INC	VM Discovery
VTV THERAPEUTICS LLC	vTv Therapeutics
VYERA PHARMACEUTICALS LLC	Vyera Pharmaceuticals
Valorbec Société en Commandite	Valorbec Limited Partnership
Vyera Pharmaceuticais LLC	Vyera Pharmaceuticals
WACKER CHEMIE AG	Wacker Chemie
WANBURY LTD	Wanbury Limited
WARNER-LAMBERT COMPANY LLC	Pfizer
WASHINGTON UNIVERSITY	Washington University in St. Louis
WATSON LAB INC	Watson Labs
WELLMARKER BIO CO LTD	Wellmarker Bio
WHITEHEAD BIOMEDICAL INST	Whitehead Institute
WHITEHEAD INST BIOMEDICAL RES	Whitehead Institute
WILEY ORGANICS INC	Wiley
WILEY ORGANICS, INC.	Wiley
WILLAMETTE UNIVERSITY	Willamette University
WISCONSIN ALUMNI RES FOUND	Wisconsin Alumni Research Foundation (WARF)
WISTAR INST	Wistar Institute
WOLFF AUGUST GMBH & CO KG ARZNEIMITTEL DR	Dr. Wolff Group
WUXI BIOLOGICS (SHANGHAI) CO. LTD.	WuXi Biologics
WearOptimo Pty Ltd	WearOptimo
White Swell Medical Ltd	WhiteSwell
X CHEM INC	X-Chem
X CUTAG THERAPEUTICS INC	X-Cutag Therapeutics Inc.
X RX INC	X-Rx
X-CHEM INC	X-Chem
XCOVERY HOLDING CO LLC	Xcovery
XCOVERY INC	Xcovery
XENON PHARMACEUTICALS INC	Xenon Pharmaceuticals Inc.
XENON PHARMACEUTICALS INC.	Xenon Pharmaceuticals Inc.
XENOVA RES LTD	Xenova
XEROX CORP	Xerox
XGENE PHARMACEUTICAL INC	Xgene Pharmaceutical
XI'AN JIAOTONG UNIV	Xi'an Jiaotong University
XSIRA PHARMACEUTICALS, INC.	Xsira Pharmaceuticals
XUANZHU PHARMA CO LTD	XuanZhu Pharma
XW LAB INC	XWPharma
YAMANOUCHI PHARMACEUTICAL CO., LTD.	Astellas Pharma
YAMANOUCHI PHARMACEUTICALS CO	Astellas Pharma
YEDA RES & DEV	Yeda Research and Development
YISSUM RES DEV CO	Yissum Research Development Company
YOKOHAMA RUBBER CO LTD	Yokohama Rubber Company
YONSUNG FINE CHEMICAL CO LTD	Yonsung Fine Chemicals
YOSHITOMI PHARMACEUTICAL	Mitsubishi Tanabe Pharma
YOUNGENE THERAPEUTICS CO LTD	Youngene Therapeutics Co., Ltd
YUHAN CORP	Yuhan
ZAKL FARMACEUTYCZNE POLPHARMA S A	Polpharma
ZEDIRA GMBH	Zedira GmbH
ZEISS CARL MEDITEC AG	Carl Zeiss AG
ZENECA LTD	AstraZeneca
ZENOBIA THERAPEUTICS INC	Zenobia Therapeutics
ZENTIVA KS	Zentiva
ZERIA PHARM CO LTD	Zeria Pharmaceutical
ZHEJIANG JIUZHOU PHARM CO LTD	Zhejiang Jiuzhou Pharmaceutical Co. Ltd
ZHEJIANG TIANYU PHARMACEUTICAL CO LTD	Tianyu Pharm
ZIMMER INC	Zimmer Biomet
ZOETIS LLC	Zoetis
ZYNERBA PHARMACEUTICALS INC	Zynerba